Q1,Q2,Q3,Q4,chain,n_transactions,token_concentration_ratio,variance_total,variance_holders_gt1pct,token_supply,n_initial_deposits,consensus,start_date,G1_half,W1_half,X1_half,flag,has_website,has_twitter,start_year,start_month
7.91139733005902,9.433083843269053,11.066106971178531,11.546776015345365,BSC,18.208225394761705,14.592794362367771,17.95685208206767,21.541610815118094,13.31298538982153,4.882801922586371,POSA,2013-05-01,2.3978952727983707,7.030857476116121,1.0986122886681098,0,1,1,2013,5
2.6973262377392344,6.154858094016418,6.118097198041348,5.634789603169249,ETH,7.781138509845015,5.308267697401205,11.825112579537796,15.333971256960096,8.853808274977197,0.9477893989335261,POS,2014-05-22,0.0,6.670766320845874,0.6931471805599453,0,1,1,2014,5
0.18123763623091707,0.028393074501217887,2.448847599972298,1.600195331067168,ETH,10.594156665220533,6.934397209928558,32.57407938529925,36.52204895476502,20.72325583798642,0.18123763623091707,POS,2014-06-22,0.6931471805599453,0.6931471805599453,0.0,1,1,1,2014,6
0.00786895837869518,0.5709795465857378,0.6205764877251099,0.832909122935104,BSC,9.470625553571013,5.8888779583328805,20.279520790284874,24.33596619445573,13.244557618768276,0.002796087302001274,POSA,2014-08-21,12.345838935721968,9.17585244151751,3.828641396489095,0,1,1,2014,8
0.7911809208313108,0.712949807856125,0.7016112589720747,0.7342891238911206,ETH,19.385927805237362,15.658244312368518,35.02376251864241,43.72660201717565,24.83314228896249,0.7911809208313108,POS,2015-02-26,1.3862943611198906,2.4849066497880004,3.7612001156935624,0,1,1,2015,2
0.19062035960864973,1.506297153514587,0.6312717768418579,2.505525936990736,ETH,11.655622226980915,8.710124927322207,24.32419190361196,30.381317281477706,17.553180200057167,0.14410034397375684,POS,2015-09-06,5.4638318050256105,0.0,4.553876891600541,0,1,1,2015,9
1.0116009116784799,0.7188149273085231,0.7188149273085231,1.6882490928583902,ETH,10.660196214585818,9.1649245084457,30.569511112961397,36.06241773214837,21.239495184264396,0.22314355131420976,POS,2015-09-15,1.791759469228055,1.9459101490553132,4.02535169073515,0,1,1,2015,9
0.00044040300835716714,0.0004304373485514149,0.00265830357810995,4.0808370788636,BSC,9.339436945310593,7.671826797878781,10.726241924539275,15.122750904049827,10.30612352758542,0.00028105050160751207,POSA,2015-12-16,0.0,0.6931471805599453,0.0,1,1,1,2015,12
0.02438036872537804,0.1389102754620027,0.6439059896932624,1.5366521427084476,ETH,7.134093721192866,5.455321115357702,49.75109777119943,52.021633499227775,20.72326583794641,0.014188860335142333,POS,2016-09-19,1.9459101490553132,1.0986122886681098,2.5649493574615367,1,1,1,2016,9
6.522092798170152,4.700480365792417,5.765191102784844,4.0943445622221,BSC,12.73560912435528,9.256364810287462,11.870923387597403,18.36877357156714,11.695255355062795,5.605802066295998,POSA,2016-11-09,1.3862943611198906,6.396929655216146,0.0,0,1,1,2016,11
0.21809000362481082,0.08569133945665308,0.08569133945665308,0.0190599986746154,BSC,9.002454823050954,5.666426688112432,89.65923031632065,47.661095551334014,47.66113977231501,0.0051994593533743255,POSA,2016-11-13,0.6931471805599453,5.25227342804663,1.3862943611198906,1,1,1,2016,11
7.335633981927201,6.608000625296087,8.748304912379623,8.215276958936633,BSC,11.701990897297529,8.916237731721479,7.530642435580544,15.015439554383637,8.612670629959313,3.2367157429965316,POSA,2017-02-08,8.229777750081887,3.58351893845611,1.0986122886681098,0,1,1,2017,2
1.958685340544036,1.9401794743463283,0.8501509293696101,0.20701416938432615,ETH,10.31860591767243,8.096817470572319,21.048467137392624,25.86641455981724,15.959811727453447,0.13050180806415815,POS,2017-03-04,4.8283137373023015,7.0909098220799835,1.0986122886681098,1,1,1,2017,3
3.9371057857956093,2.3739750890807185,6.315647290596457,3.5779478934066544,ETH,10.820478039524556,7.518607216815252,17.419784721821618,21.909817265187396,13.473180533072732,2.1077860146889784,POS,2017-03-09,2.1972245773362196,2.3978952727983707,0.6931471805599453,0,1,1,2017,3
0.19540229633248507,0.8763017236577918,1.0750024230289759,0.8020015854720274,ETH,13.657692327554505,10.613368932087239,30.31916415732814,38.94965046939733,21.066855542045708,0.02176149178151269,POS,2017-03-16,7.365812837209472,1.0986122886681098,7.01301578963963,0,1,1,2017,3
1.667706820558076,0.6484635729333053,0.6673164205254238,0.11234605983153843,ETH,3.258096538021482,8.807022955925477,24.06147712643889,29.87744046330456,17.221116258143265,0.6971392018294827,POS,2017-05-08,2.3978952727983707,0.6931471805599453,3.367295829986474,0,1,1,2017,5
6.018593214496234,5.389071729816501,6.472346294500901,6.061456918928017,ETH,13.05073632522208,9.902336890778733,21.658633088709863,29.616075863846373,16.118095750958314,4.672828834461906,POS,2017-05-11,3.713572066704308,1.0986122886681098,5.58724865840025,0,1,1,2017,5
1.8870696490323797,2.163323025660538,2.747270914255491,2.388762789235098,ETH,12.414504508698597,9.24445190160495,25.612860429178955,33.61665399966662,17.581172482456715,1.0296194171811581,POS,2017-05-28,4.3694478524670215,1.6094379124341003,3.8066624897703196,0,1,1,2017,5
6.044426947762346,3.053340586174304,5.328720472459081,4.227329972492046,ETH,12.703095447118704,10.197909361850968,26.601670122653235,18.39978855324364,18.420680753952364,4.042156130476514,POS,2017-06-17,2.0794415416798357,4.07753744390572,3.713572066704308,1,1,1,2017,6
3.086486636822455,1.2864740258376797,2.3085671646715933,0.6729444732424258,ETH,15.47722170448814,10.594532525004203,24.35923034780266,32.07553533931748,18.606997315778308,3.086486636822455,POS,2017-06-19,4.343805421853684,4.6913478822291435,4.6913478822291435,0,1,1,2017,6
2.1162555148025524,4.252202646837681,0.34472381281897796,1.0260415958332743,ETH,12.4395387356473,8.332067707289548,27.382687272553415,34.05544588287382,17.988415495608916,0.7866375236472842,POS,2017-06-24,5.652489180268651,0.0,7.048386408721883,0,1,1,2017,6
0.5163503344086906,0.10642994361584655,0.22609917913984232,0.05259245011917058,ETH,13.993808196313315,11.329182899020827,32.15609855733715,40.74663752328022,22.640904395112987,0.04305948946044697,POS,2017-07-07,6.0063531596017325,10.169728906753061,1.791759469228055,1,1,1,2017,7
3.2168738221975275,2.134166441369082,2.410542234499138,0.8458682675776092,BSC,14.037786533043034,10.725203833890781,17.811920453806387,23.94232891697084,16.716382605469565,1.1378330018213911,POSA,2017-07-10,1.6094379124341003,1.6094379124341003,0.0,0,1,1,2017,7
1.547562508716013,0.2287279296081104,1.0367368849500223,0.27611543608031547,BSC,12.327701609447713,8.76748487464946,22.06085101322259,28.69293703241073,16.04552506565036,0.13889199886661863,POSA,2017-07-10,0.6931471805599453,1.9459101490553132,1.3862943611198906,0,1,1,2017,7
1.3110318766193438,0.4749911707567746,0.6830968447064438,0.6259384308664953,ETH,14.657898527396984,11.507892822442154,26.162466878652804,34.75029627427803,19.86759972453575,0.33647223662121295,POS,2017-07-12,4.976733742420574,4.394449154672439,4.04305126783455,0,1,1,2017,7
0.5186747387093896,0.05802359501830822,0.059711263655360815,0.0756639039209896,ETH,10.652896912104206,8.191463051326927,27.229358991908725,32.934451980477945,18.625314062603127,0.013902905168991422,POS,2017-07-15,1.6094379124341003,6.131226489483141,3.6109179126442243,1,1,1,2017,7
0.2768738737351776,0.10345870836822998,7.003065458786462,3.7558369222388173,ETH,10.010771217755803,7.141245122350491,18.49202645412609,22.655137486314743,13.849855721398374,0.05448818528406973,POS,2017-08-13,0.0,1.791759469228055,0.0,0,1,1,2017,8
0.8544153281560676,0.5007752879124893,0.6626879730752367,0.1988508587451652,ETH,13.849657846110942,11.032515881090573,28.419386376425543,28.689975437809146,20.72326583794641,0.008563230660487873,POS,2017-08-17,3.7612001156935624,1.9459101490553132,5.043425116919247,0,1,1,2017,8
0.2546422183735807,2.0347056478384444,1.9300710850255671,1.801709800081223,ETH,12.964225425629587,10.622667910142889,27.395225646276177,36.09383661160471,20.187854315742367,0.21430460264700538,POS,2017-08-22,5.209486152841421,8.618123909994678,0.0,0,1,1,2017,8
0.48858001481867097,0.039220713153281295,0.013902905168991422,0.044973365642731154,ETH,10.478751692439356,7.346655163176539,18.333277412440943,0.0,21.416413018006356,0.06952606264861023,POS,2017-08-28,1.3862943611198906,3.912023005428146,2.9444389791664403,1,1,1,2017,8
0.06639616963968258,0.00899740171285744,0.004899975488192073,0.001626676244521201,ETH,12.23194992198279,9.945301055349539,37.649536604895175,44.02883609923653,23.025850930040455,0.032641424715762216,POS,2017-09-05,6.79346613258001,1.3862943611198906,1.6094379124341003,1,1,1,2017,9
0.7376424204464965,10.416371057411563,3.9862024036023977,3.1059310658520665,ETH,16.584624876447457,13.490988828726621,25.688325517014558,31.85499565108444,20.72326583794641,0.14531173116005394,POS,2017-09-21,6.591673732008658,6.131226489483141,5.6131281063880705,0,1,1,2017,9
0.15700374880966478,0.13102826240640408,0.10885440491208209,0.35767444427181594,BSC,13.646792453223679,11.209682954400392,26.771541228086978,36.06716999162576,19.504467088376934,0.001998002662673056,POSA,2017-09-22,7.039660349862076,1.6094379124341003,8.010027528481734,0,1,1,2017,9
0.1988508587451652,0.7030975114131134,1.927164106234258,0.5709795465857378,ETH,14.954412219334818,12.595225428146033,27.987701831598418,36.134930732839415,21.508618076098728,0.013902905168991422,POS,2017-09-25,4.007333185232471,4.584967478670572,5.356586274672012,0,1,1,2017,9
1.8196988379172965,1.0818051703517284,1.4701758451005926,1.8748743759385615,ETH,3.258096538021482,9.795623906660182,26.45630735286822,33.246789576006286,19.293981921081453,1.0438040521731147,POS,2017-09-25,8.086717920303906,9.259225769705994,0.0,0,1,1,2017,9
0.7323678937132266,0.8712933659434193,1.4085449700547104,0.5785777258168091,BSC,16.523844318859606,13.276967668620097,25.814983432975247,34.23840671119208,19.928987360026518,0.02019470728551928,POSA,2017-10-02,1.9459101490553132,1.791759469228055,0.6931471805599453,0,1,1,2017,10
0.028587456851912555,0.0021975835434872217,2.259677591982769,3.2414197893030954,ETH,11.092991181392305,10.27756518740266,35.160814277834234,44.7076272585264,23.025850930040455,0.026641930946421175,POS,2017-10-12,7.13966033596492,2.1972245773362196,6.0112671744041615,1,1,1,2017,10
0.3045391895182038,0.02634977532278202,0.013902905168991422,0.045928931888399804,ETH,12.418361497172986,10.295394496045441,28.830916061232458,36.709069796889914,21.416413020309857,0.021497269010823012,POS,2017-10-14,1.9459101490553132,4.875197323201151,3.713572066704308,1,1,1,2017,10
0.31748963015888587,0.06807912081059435,0.09075436326846414,0.06006446495787158,ETH,12.663171490068919,10.036312445648633,29.68766805455425,37.37493164760991,20.72326583794641,0.052801156991127564,POS,2017-10-18,2.3978952727983707,5.1647859739235145,2.70805020110221,1,1,1,2017,10
1.1052568313867783,0.17395330712343804,0.4824261492442927,0.16551443847757338,ETH,12.54037467180468,9.502263438685219,29.554161477439095,36.95735077217519,20.030118658386467,0.29266961396282,POS,2017-10-18,3.871201010907891,0.0,3.912023005428146,0,1,1,2017,10
3.0731561705187946,2.498973906999436,3.2816628129669656,2.7738379416402132,ETH,11.13090340858853,9.22276289197474,27.71694015041705,34.979851599964775,18.925337845443977,0.5364933705145685,POS,2017-10-25,8.533263371593732,9.417435838868785,7.155396301896734,0,1,1,2017,10
1.1065804583172865,0.24059046491793043,0.4906025080769565,0.1693207446167031,ETH,3.258096538021482,9.498297406622395,29.55924922505332,36.63574151553354,20.030118658386467,0.19704595219233664,POS,2017-10-26,3.7612001156935624,5.365976015021851,4.3694478524670215,1,1,1,2017,10
0.7747271675523681,0.1484200051182733,0.41012091964435843,0.1527210870176639,ETH,13.349251907523408,10.655823029773595,27.43052777235527,34.72405518671436,20.722780361239064,0.04401688541677433,POS,2017-10-29,8.271548374755515,1.6094379124341003,7.57095858316901,0,1,1,2017,10
0.3293037471426004,0.10345870836822998,0.026641930946421175,0.012916225266546327,ETH,11.603698092912076,11.043865390436705,28.450598732187466,37.078882335692775,20.72326583794641,0.042101176018635396,POS,2017-10-31,4.127134385045092,2.0794415416798357,4.02535169073515,1,1,1,2017,10
0.795252403497099,0.1687743733484882,0.1536253990343125,0.031110995025052664,ETH,10.700341381869716,8.934059722248843,28.619105523729022,36.811999490479394,18.921071163499192,0.33519356232270403,POS,2017-11-04,1.9459101490553132,4.248495242049359,2.70805020110221,1,1,1,2017,11
0.13102826240640408,0.009554212804811658,0.010643160098479827,0.006379606964039027,ETH,11.50913830271565,11.387294212470042,30.33080405848117,38.61541926931542,21.867995722926384,0.05921185963184609,POS,2017-12-19,4.77912349311153,4.07753744390572,2.4849066497880004,1,1,1,2017,12
1.264126727145683,2.883682769745368,4.527857082885421,2.7006898466959175,ETH,9.859378912910065,9.18881025342582,24.201502981222703,30.57499797830759,17.50439003707821,0.7975071958841881,POS,2017-12-21,7.616283561580385,0.0,1.3862943611198906,0,1,1,2017,12
1.7613002617433464,0.6286086594223741,0.556009292341311,0.11627078166538653,ETH,10.253475186175006,9.25339986143663,21.284348162703647,27.247490185279418,16.805891970159564,0.4440445900756395,POS,2017-12-21,1.9459101490553132,5.438079308923196,3.044522437723423,1,1,1,2017,12
1.7578579175523736,0.29266961396282,0.09712671073072274,0.08984070399978947,ETH,12.204591549248375,9.745136396380753,30.63312973534049,37.926200147811855,21.338451476577184,1.7578579175523736,POS,2017-12-22,4.584967478670572,10.675931008412125,0.0,0,1,1,2017,12
1.8481398026641627,0.2858381234222375,0.12121801823186713,0.5288502006788095,BSC,10.407620832440994,8.454253391642363,53.84431890099459,60.29337491323101,31.543044121356715,0.29462292888109953,POSA,2017-12-23,5.849324779946859,8.423102268016642,2.1972245773362196,1,1,1,2017,12
0.7178397931503169,0.7163753066791524,0.6956440607585325,0.765932850285593,ETH,16.85460438263319,13.133936153756945,28.395292554110746,37.16039907868387,21.969826550246943,0.6856189141391538,POS,2017-12-27,1.3862943611198906,5.062595033026967,4.812184355372417,0,1,1,2017,12
0.7207623475929187,0.708035793053696,0.696641069814201,0.7654678421395714,ETH,16.86740348109029,13.134754291965168,28.368119507028332,37.272331438402084,21.938122533947475,0.7114781372446687,POS,2018-01-04,1.6094379124341003,4.04305126783455,5.056245805348308,0,1,1,2018,1
0.6585195032498777,0.024634074291672872,0.018409500482749187,0.011256408255699296,BSC,7.982416346827733,4.976733742420574,16.752635529299194,18.484208957312525,11.51293546492023,0.6585195032498777,POSA,2018-01-13,4.418840607796598,5.802118375377063,6.282266746896006,1,1,1,2018,1
0.14781637469421868,0.07860783257861408,0.056285811010591824,0.0031051739534143246,ETH,3.258096538021482,10.916687185578304,27.487117447062282,36.060829152814044,19.806975107572256,0.11332868530700317,POS,2018-01-16,1.0986122886681098,1.791759469228055,5.6937321388027,1,1,1,2018,1
0.13102826240640408,2.6340447877917144,2.5937610547000824,1.4747630091074988,ETH,12.29014721431708,10.330909827996335,28.128212148454196,34.83254921745015,20.72326583794641,0.16551443847757338,POS,2018-01-22,9.259225769705994,0.6931471805599453,5.159055299214529,0,1,1,2018,1
1.5602476682433286,0.6626879730752367,1.423108334242607,1.9487632180377197,ETH,11.17180042080831,9.57045937831747,23.747233027320657,31.55537744775266,17.52065902557109,1.5602476682433286,POS,2018-01-23,1.6094379124341003,4.543294782270004,1.6094379124341003,0,1,1,2018,1
1.873339456220478,3.292126286607793,3.5473158897921495,1.366091653802371,ETH,13.45173618691027,10.908100468583346,28.71713275528829,19.783205563918397,20.030118658386467,0.8878912573524571,POS,2018-02-08,8.605387202152153,1.791759469228055,6.212606095751519,0,1,1,2018,2
0.1292723357041392,0.2508365363309585,0.3343270802748248,2.4265710727750367,ETH,4.442651256490317,4.290459441148391,55.30209398358425,57.762559035447715,29.933606208922694,0.11073604159466563,POS,2018-02-17,2.0794415416798357,5.455321115357702,1.9459101490553132,1,1,1,2018,2
0.11955923505763925,1.0367368849500223,0.7561219797213337,0.11689375147149933,ETH,14.023104234198813,11.080001797565458,27.584135990715797,35.1044670202337,20.723265470750093,0.07696104113612832,POS,2018-02-22,4.430816798843313,6.738152494595957,6.5998704992128365,0,1,1,2018,2
0.524846865128245,0.0933263952223926,0.030480707253586856,0.0532648994962224,ETH,8.951310542097564,8.771990436532242,26.144040673121186,32.89661706111348,18.30714524846161,0.2293641631272659,POS,2018-03-01,6.588926477533519,1.791759469228055,2.1972245773362196,1,1,1,2018,3
0.7124594915923181,0.6981347220709844,0.7011153502091222,0.6986321107905149,ETH,14.264040902642808,10.708019566059964,26.860050080314277,35.15611292487143,19.571653140609065,0.6891391591624065,POS,2018-03-06,2.3978952727983707,0.6931471805599453,4.30406509320417,0,1,1,2018,3
0.32270649347365277,0.12451587469756756,0.06185680354510533,0.037218710482608226,ETH,10.8100511286517,9.676084944301534,20.473671732537483,27.356501297572528,16.818053777539966,0.2730279737075312,POS,2018-03-15,0.6931471805599453,2.302585092994046,1.3862943611198906,1,1,1,2018,3
0.18201984461674617,0.010224550677217743,0.029971338495984556,0.03233746245895126,ETH,10.902721397223958,9.815966955006633,28.53028875078973,36.002870791265984,20.030118658386467,0.09523744988684126,POS,2018-03-18,3.7612001156935624,3.7612001156935624,5.37989735354046,1,1,1,2018,3
0.002097798082146129,0.0002599662058575245,1.425515074273172,0.13102826240640408,ETH,11.32674045464155,10.99398366060198,34.2811672119661,42.145439895650675,23.7189981105504,0.0014988761237358919,POS,2018-03-25,2.302585092994046,1.3862943611198906,2.772588722239781,1,1,1,2018,3
0.37961314039194605,0.3506568716131694,0.3167067514923972,0.26316240740512076,ETH,10.490412735357983,9.975575628930383,22.89634177827302,30.43040002620771,17.909855136853043,0.19174369537285943,POS,2018-03-29,6.061456918928017,1.6094379124341003,3.784189633918261,1,1,1,2018,3
1.9065751436566365,2.0541237336955462,2.3105532626432224,0.9162907318741551,BSC,12.932037874321221,9.995838813600315,19.363056178224035,27.38005918806233,15.434898999271326,1.275362800412609,POS,2018-04-07,2.0794415416798357,2.302585092994046,0.0,0,1,1,2018,4
1.7749523509116738,2.128231705849268,2.3105532626432224,0.9745596399981308,ETH,12.997133432219103,9.993191135617908,29.8381545166614,35.28418913787829,15.434898999271326,1.2859213869731034,POS,2018-04-08,2.302585092994046,2.3978952727983707,0.0,0,1,1,2018,4
0.009157937784765629,0.10526051065749295,0.17563256864315802,0.07603468627599762,ETH,12.197853964505642,8.71768205216564,27.75843918430098,33.490225117188615,19.712575537035157,0.0026963615477426086,POS,2018-04-09,1.791759469228055,1.0986122886681098,3.5553480614894135,0,1,1,2018,4
0.04018178963283184,0.017839918128331,0.0017983819413793735,0.0009995003330835331,ETH,11.86786189857524,11.547935402159679,24.465965869192445,28.416223908129435,20.72326583794641,0.030160562894851972,POS,2018-05-08,5.937536205082426,4.77912349311153,4.7535901911063645,1,1,1,2018,5
0.08434114843375087,0.02999560003538042,0.002895803112025565,0.003294566949430031,ETH,10.700206149269437,9.059401196410896,29.182131704212605,35.021361967619,20.806831511064427,0.0744579109180098,POS,2018-05-16,1.9459101490553132,6.040254711277414,3.295836866004329,1,1,1,2018,5
0.18132105646037108,0.036987452050280596,0.010643160098479827,0.012027380212718455,ETH,10.404505235311033,8.101374671228582,31.394843559714182,36.663543433084335,20.723265657946396,0.15871169115482087,POS,2018-05-16,0.6931471805599453,1.791759469228055,0.0,1,1,1,2018,5
0.14297416895110696,0.02019470728551928,0.007571265496318075,0.0033444012503896885,ETH,7.9211727215870145,7.842278779117352,33.35315369963629,38.54614634133149,21.416413018006356,0.14297416895110696,POS,2018-05-22,0.0,1.791759469228055,0.0,1,1,1,2018,5
0.006455120805960848,0.0021886032597002152,0.0003292257992386247,0.00029104764152583615,ETH,3.258096538021482,10.71205943451149,34.32036840747317,41.0432208763613,24.1244632186419,0.006336879501154494,POS,2018-05-23,6.156978985585555,4.204692619390966,2.0794415416798357,1,1,1,2018,5
0.31794451057866907,0.08525984395082342,0.051453281588915704,0.039028386967478346,ETH,9.556197008479035,8.028129059431759,26.246345341189812,31.770366075983038,17.871577853847157,0.31597794160662823,POS,2018-05-26,6.715383386334681,4.6443908991413725,5.998936561946683,1,1,1,2018,5
0.10570685567519789,0.06703228412431732,0.01220521243836222,0.009184691291334469,POLYGON,9.059052257762401,6.655440350367647,27.204244123735556,33.12747825122018,16.965127050653027,0.09580096843878667,POS,2018-05-30,0.6931471805599453,0.0,0.0,1,1,1,2018,5
0.05836324329691494,0.07232066157962612,0.21672298351128702,0.07510747248680541,ETH,12.679037510984953,10.030956857781932,33.76389402106785,39.88689323795896,23.025850930040455,0.05836324329691494,POS,2018-06-03,1.9459101490553132,3.6375861597263857,4.709530201312334,0,1,1,2018,6
0.1484200051182733,2.2082744135228043,2.066862759472976,0.8628899551470398,ETH,13.918890814202015,10.321572692000395,21.623958875338907,28.719933089949752,17.391196870793102,0.1484200051182733,POS,2018-06-03,3.58351893845611,3.6888794541139363,6.966967138613983,0,1,1,2018,6
0.412109650826833,0.9042181506398859,0.5068176023684519,0.17395330712343804,ETH,12.208519649173226,9.798071479779479,28.05498236420364,34.54444824804021,20.36659089443625,0.412109650826833,POS,2018-06-04,4.382026634673881,0.6931471805599453,4.23410650459726,0,1,1,2018,6
2.388762789235098,1.7227665977411035,1.1939224684724346,0.20701416938432615,ETH,9.568853625188556,7.521859252201629,36.44225355559763,43.239984896980225,15.894054779109554,0.6678293725756554,POS,2018-06-04,5.4116460518550396,0.6931471805599453,4.727387818712341,0,1,1,2018,6
5.191388955718048,3.968630156239437,3.0857557762015797,2.626840145676667,ETH,0.6931471805599453,0.6931471805599453,17.72753358339242,17.72753358339242,17.72753358339242,5.191388955718048,POS,2018-06-07,5.293304824724492,1.0986122886681098,5.262690188904886,1,1,1,2018,6
0.001998002662673056,0.004987541511039074,9.399558227684181e-05,0.4571083412600028,ETH,3.258096538021482,11.300499276997215,32.17475889590093,40.41294896382079,23.025850930040455,0.002057881109444038,POS,2018-06-25,6.07993319509559,5.834810737062605,4.276666119016055,1,1,1,2018,6
0.002496880198587199,0.0001146934224579579,3.899923951977242e-05,0.0001419899189543277,ETH,10.605792670880838,10.31387386496336,37.29953015568995,44.959894576210175,24.63528884239456,0.0023971245997214934,POS,2018-07-11,5.683579767338681,1.6094379124341003,5.375278407684165,1,1,1,2018,7
0.08065790301745447,0.03536714383729131,0.020782539182528502,0.013902905168991422,ETH,11.92551844268441,8.14177220465645,34.95298814709877,39.96649248606274,22.587351386811193,0.05164323315183845,POS,2018-07-14,2.0794415416798357,5.5053315359323625,2.1972245773362196,0,1,1,2018,7
0.06556299618375898,0.004023893271579959,0.017771153485118728,0.004535698151669201,ETH,10.99800814830098,10.167696268802267,27.740291673746267,35.29261630005693,19.701614592192207,0.015982595157232417,POS,2018-07-15,6.75343791859778,2.1972245773362196,4.382026634673881,1,1,1,2018,7
0.317063674528284,0.06991777696331576,0.0991446370495685,0.08391826491347072,ETH,9.543664802306665,7.1308988302963465,32.63969028714517,37.193363993822935,20.72326583794641,0.08065790301745447,POS,2018-07-17,2.0794415416798357,4.442651256490317,0.0,1,1,1,2018,7
0.024204688696817394,0.032370380030450716,0.10562048186368383,0.08947500642760275,ETH,9.137662146478197,7.3752557780097545,29.480706446321992,34.37110528964157,19.23161096461314,0.025375306331228243,POS,2018-07-19,4.6913478822291435,2.302585092994046,2.0794415416798357,1,1,1,2018,7
0.013983769749461722,0.0012091686608337335,0.0005066416354492546,0.0005066416354492546,ETH,6.919683849847411,5.703782474656201,31.785778551297188,34.911595964322345,19.11382792951231,0.01296459527142731,POS,2018-07-20,0.0,1.0986122886681098,2.0794415416798357,1,1,1,2018,7
0.2632100605272932,0.07101748723528029,0.09721745071535921,0.06821923897714385,ETH,6.401917196727186,4.605170185988092,268.9709384648053,270.56320857361703,20.72326583794641,0.16075737887811406,POS,2018-07-21,4.406719247264253,4.61512051684126,4.060443010546419,1,1,1,2018,7
0.004987541511039074,0.023716526617316044,0.01587334915629015,0.006975613736425242,ETH,11.505185589260007,9.374582815370232,37.32163357158737,43.459105932114674,24.1244632186419,0.004987541511039074,POS,2018-07-27,1.9459101490553132,5.327876168789581,1.3862943611198906,0,1,1,2018,7
0.7929925155296614,0.9162907318741551,0.7929925155296614,0.8241754429663494,ETH,12.102039026932724,8.539737155851132,28.391360847279437,35.45324786153504,18.636807261368347,0.7701082216960736,POS,2018-07-31,4.382026634673881,0.0,2.0794415416798357,0,1,1,2018,7
0.027615167032973367,0.0013990209137073409,0.0016985566355814771,0.0025966258472659783,ETH,3.258096538021482,3.1780538303479458,55.65333109703863,56.16926314035207,29.933606208922694,0.021663639636026324,POS,2018-08-11,0.6931471805599453,4.897839799950911,1.0986122886681098,1,1,1,2018,8
2.5649493574615367,5.953243334287785,5.762051382780177,5.081404364984463,ETH,14.628185917198993,11.945843599859694,20.652419798169134,3.0997248339875663,17.632497368050924,0.22314355131420976,POS,2018-08-11,4.762173934797756,3.6888794541139363,5.780743515792329,0,1,1,2018,8
0.0034938892542557796,0.01842913546836719,0.006975613736425242,0.007769737264360664,ETH,9.182866394975427,7.773173680482536,30.216538280842332,35.17408544070562,20.030118658386467,0.0026963615477426086,POS,2018-08-13,0.0,1.9459101490553132,6.456769655572163,1,1,1,2018,8
3.0299540964272498e-05,3.899923951977242e-05,3.7999278018290145e-05,3.9999200021332696e-05,ETH,11.631321645947928,10.906671321064639,40.64949178880193,48.82097258364675,26.722202398895575,1.3399910220802027e-05,POS,2018-08-17,0.6931471805599453,1.9459101490553132,1.791759469228055,1,1,1,2018,8
0.0003999200213269354,0.0065783153601225676,0.00018998195228600757,0.00036993156687964933,ETH,9.684709458731557,9.015662792972645,36.96583407787228,42.82430042872563,23.926012279925377,0.000329945561976036,POS,2018-09-09,5.44673737166631,1.791759469228055,7.00669522683704,1,1,1,2018,9
0.008079274587905689,8.699621571948669e-05,0.3579191695688927,0.273611545234999,BSC,16.426644269837674,11.48971824863241,20.204914506971797,29.876734588941936,16.541678864727594,0.0024908951432703074,POSA,2018-09-23,5.53338948872752,1.791759469228055,1.9459101490553132,1,1,1,2018,9
0.6621208019548225,0.20546825963420137,0.11929300618798318,0.15930878248488176,ETH,9.053452616439039,6.401917196727186,34.152057275695626,38.35919676734332,20.72326583794641,0.06503839617922222,POS,2018-09-26,1.0986122886681098,5.0238805208462765,5.655991810819852,1,1,1,2018,9
0.010843792983119962,0.004150375264746256,0.004835291115565639,0.0006015890090398633,ETH,9.836759970485419,8.714731714015052,26.326654490951245,31.64388366046124,19.255770623373696,0.10154886052133989,POS,2018-09-27,2.302585092994046,5.4638318050256105,1.6094379124341003,1,1,1,2018,9
0.046883585898850416,0.08791929803788351,0.07138999608667293,0.040661981718889635,ETH,10.182973629388371,8.644530439877432,27.229020257233508,32.30272574159685,19.619482434852056,0.03004412134837667,POS,2018-09-29,1.3862943611198906,3.7612001156935624,1.3862943611198906,1,1,1,2018,9
0.6981347220709844,0.712949807856125,0.6961426895397438,0.6960429836719709,ETH,15.061361406993127,11.623813674737871,23.06006076515647,31.716885411661284,18.513625216592107,0.6915959780672088,POS,2018-10-02,1.6094379124341003,0.0,3.8501476017100584,0,1,1,2018,10
0.005564489472412075,0.002097798082146129,0.0020379220255653256,0.0008296557404770997,ETH,10.595859432628322,8.944680683558895,30.842733831442946,37.078913955210396,20.72326583794641,0.005561506115071002,POS,2018-10-03,6.135564891081739,2.0794415416798357,0.6931471805599453,1,1,1,2018,10
0.0019181591559038237,0.0007697037020898381,0.0035337489481386086,0.0009795201135002552,ETH,8.984693690443855,8.878218658092228,36.71342635410116,22.795720061961468,23.025850930040455,0.0019181591559038237,POS,2018-10-21,5.768320995793772,1.6094379124341003,5.84354441703136,1,1,1,2018,10
0.010603582784191207,0.12654454132495618,0.12336741395028407,0.017839918128331,ETH,12.14130476475836,9.10764297373784,28.605338043063362,33.91958165959241,20.47047036174247,0.008364916331627708,POS,2018-11-02,5.342334251964811,6.269096283706261,5.60947179518496,1,1,1,2018,11
0.4700036292457356,0.341459778132252,0.10436001532424277,0.048790164169432,ETH,10.839482867684618,8.610683534503575,29.674504766638094,35.17878459607715,20.37123586827823,0.43941554747771183,POS,2018-11-08,5.62040086571715,6.324358962381311,4.6443908991413725,0,1,1,2018,11
0.0862786085804236,0.5948174464867363,0.4858769784020257,0.18232155679395465,ETH,14.495982242779997,12.656441008474097,38.85147018868014,49.181441950092236,25.3284360229445,0.019351545181781483,POS,2018-12-15,9.820160289946374,0.6931471805599453,4.77912349311153,0,1,1,2018,12
0.8628899551470398,3.3945083935113587,2.4898941912990393,1.7457155307266483,ETH,14.546136550833342,11.383761663376049,25.84565921501027,34.63859005401678,19.609112728138467,0.04783732941416013,POS,2018-12-16,7.72356247227797,0.0,4.8283137373023015,0,1,1,2018,12
0.0006078152428844244,0.0005668393162355939,0.0026963615477426086,2.0014800002101243,ETH,11.143266593473202,10.6157017958133,27.471056612679906,35.0427975575805,19.97667011079945,0.0006078152428844244,POS,2019-01-03,5.805134968916488,1.6094379124341003,3.4011973816621555,1,1,1,2019,1
0.7594029763370106,1.6808279085207734,1.3454723665996355,0.3204154420684163,ETH,10.270766079259051,9.909519324767848,25.816610375291692,31.71470405425993,19.29614948547293,0.4574248470388754,POS,2019-01-17,1.0986122886681098,0.0,1.6094379124341003,1,1,1,2019,1
0.10795714150509228,0.8919980393051105,0.7016112589720747,0.4637340162321401,ETH,11.118044150401708,7.798933310041217,21.67422596787321,26.281083479514326,16.26251813469126,0.07325046173959267,POS,2019-01-25,7.186144304522325,1.6094379124341003,4.07753744390572,0,1,1,2019,1
0.013902905168991422,0.05732506661926941,0.05448818528406973,0.013409686909917675,ETH,12.513288926904204,11.337654990762967,30.93755650012647,39.45696085295882,22.33270374958051,0.013902905168991422,POS,2019-01-28,2.3978952727983707,0.0,3.367295829986474,1,1,1,2019,1
9.395241931033524,11.121437223792858,10.955287719418433,11.440053651534319,ETH,15.91867460768885,11.551241923254432,9.672733510952305,18.27113803290009,11.896441129594566,8.147867129923947,POS,2019-02-01,2.3978952727983707,1.3862943611198906,5.634789603169249,0,1,1,2019,2
0.015056086153983381,0.010158230032715146,0.017800624625506637,0.0035935355101301704,ETH,9.442245428958966,7.383989457978509,38.27449722993207,44.38868781008131,23.025850930040455,0.0025098476955562284,POS,2019-02-02,2.1972245773362196,2.3978952727983707,1.6094379124341003,1,1,1,2019,2
0.1889660995126232,0.647626665258136,0.4586898693454621,0.24764102291459722,ETH,11.67665865695283,8.167919362957816,22.147606155946658,26.673432117039127,17.001243293164208,0.1889660995126232,POS,2019-02-25,7.186144304522325,1.0986122886681098,4.1588830833596715,0,1,1,2019,2
0.029752958149347798,0.06737823532994809,0.0934903430873389,0.009653257028138304,ETH,10.245764338688534,8.185071477532283,28.26726150011656,33.11178215025942,19.509242700133978,0.007372754329413085,POS,2019-03-04,0.6931471805599453,1.791759469228055,0.0,1,1,1,2019,3
0.22314355131420976,0.6471032420585384,0.35767444427181594,1.4973884086254776,ETH,13.982392704770051,11.714444891067707,29.21998307203653,37.613296404593214,21.72371163290931,0.22314355131420976,POSA,2019-03-11,6.717804695023691,1.3862943611198906,5.793013608384144,0,1,1,2019,3
0.013902905168991422,0.20294084399669032,0.13627761829254784,0.05638033343610764,ETH,13.610524899759268,10.87119357135644,31.889553806905976,39.02340482198485,23.025850930040455,0.011632084229707653,POS,2019-03-13,1.6094379124341003,5.075173815233827,4.969813299576001,0,1,1,2019,3
0.021272135275539693,0.17747650513075502,0.10705907229340779,0.03536714383729131,ETH,3.258096538021482,9.982853107916869,34.02970408654653,6.318379005209825,23.025850930040455,0.017839918128331,POS,2019-04-04,4.07753744390572,0.0,2.302585092994046,0,1,1,2019,4
0.3646431135879093,0.8671004876833833,0.6986321107905149,0.058740495022600085,ETH,9.899780690604802,8.016977746762262,32.18672921152949,37.93063210365417,20.72326583794641,0.09803374027136541,POS,2019-04-07,1.3862943611198906,8.098946748943339,1.3862943611198906,0,1,1,2019,4
0.09612802709422041,0.20872003064848554,0.4925598149590981,0.32562793486653496,BSC,3.367295829986474,3.1780538303479458,88.96991050449984,89.46634739081374,13.815511557963774,0.09612802709422041,POSA,2019-04-12,3.6375861597263857,1.6094379124341003,3.6888794541139363,1,1,1,2019,4
0.6536784366495787,1.0367368849500223,0.6911952768347,0.05732506661926941,ETH,9.477845246989146,8.756525002926972,24.568242963992112,30.869792636275037,17.865324869686958,0.08865169759456264,POS,2019-04-14,2.3978952727983707,0.6931471805599453,3.1354942159291497,1,1,1,2019,4
0.07603468627599762,0.9995651350668755,0.7646768316988668,0.8287264748017682,BSC,8.394347361417392,10.320518847015657,25.574083739813595,34.19646277151682,18.420680753952364,19.4503358783528,POSA,2019-05-03,10.664316745782925,0.0,7.787796878181171,1,1,1,2019,5
2.1138429683971687,3.6041382256588457,4.004784485509457,4.316153890523174,ETH,3.258096538021482,9.772524288017316,27.57306774161186,34.128759444110365,19.519293035953776,0.9555114450274363,POS,2019-05-07,5.3471075307174685,1.6094379124341003,4.382026634673881,0,1,1,2019,5
0.020782539182528502,0.04008572353928564,0.011928570865273802,0.005982071677547464,BSC,11.704272832971496,8.376090350438238,20.266907633175464,24.780338683610122,16.38340904304594,0.017839918128331,POSA,2019-05-17,2.0794415416798357,8.87640491500694,0.0,0,1,1,2019,5
0.020782539182528502,0.10436001532424277,0.07045846364856141,0.044973365642731154,ETH,11.464827061479197,8.866017398810255,33.71168048775708,39.12006633642436,22.66917598614458,0.01153323581367303,POS,2019-05-21,1.3862943611198906,0.6931471805599453,1.791759469228055,0,1,1,2019,5
0.017839918128331,0.11154137473290741,0.04114194333117518,0.016857117066422903,ETH,12.927782987214433,10.213065647837128,38.34958658831128,46.122770295943,25.3284360229445,0.001998002662673056,POS,2019-05-31,6.663132695990803,1.6094379124341003,3.6109179126442243,0,1,1,2019,5
0.0018582723419642375,0.00166860710054577,0.0008096721270394528,0.001199280575482097,ETH,9.172119159155985,6.921658184151129,38.788671684126534,42.47478063933782,24.019102702987777,0.0014988761237358919,POS,2019-06-12,0.6931471805599453,0.0,0.0,1,1,1,2019,6
0.012027380212718455,0.004021901301212509,0.0009695298540031818,0.002496880198587199,ETH,9.888830663192495,8.945984124827898,28.704376914755137,34.85265101994562,19.806975107572256,0.011928570865273802,POS,2019-06-24,1.3862943611198906,4.2626798770413155,0.6931471805599453,1,1,1,2019,6
0.06297479916138844,0.039220713153281295,0.018821754240587758,0.03052920503482287,ETH,8.731497794063243,6.371611847231857,31.551393887771184,5.676740456631284,19.11382792951231,0.045928931888399804,POS,2019-06-25,4.605170185988092,2.3978952727983707,5.808142489980444,0,1,1,2019,6
0.014888612493750654,0.4555243079809013,0.24693819987992693,0.1458304482115395,ETH,14.425909624537036,11.441365014357007,32.993314200992586,42.57180706186091,22.908067894296572,0.016857117066422903,POS,2019-07-11,5.564520407322694,2.3978952727983707,6.918695219020472,0,1,1,2019,7
0.07510747248680541,0.4824261492442927,0.32063317259146684,0.19967019512856765,BSC,12.918617959825102,9.631285050932734,20.858891588899652,26.99425705668228,17.46486927992373,0.06297479916138844,POSA,2019-07-13,1.6094379124341003,0.6931471805599453,0.0,0,1,1,2019,7
0.04392118705792815,0.042216222133079774,0.026281593393888834,0.018527304613883622,ETH,11.25838154176552,8.321907968230423,35.768366795875934,41.45837087903463,22.651884489037013,0.03998964821615847,POS,2019-07-17,2.3978952727983707,5.075173815233827,3.58351893845611,1,1,1,2019,7
0.0069855441737121295,0.007531566415346585,0.017751505575655656,0.01268915111598799,ETH,10.754919712061787,9.9438614466744,29.26408956350605,35.92459098504409,20.13943910875368,0.0069855441737121295,POS,2019-07-17,1.6094379124341003,1.9459101490553132,1.0986122886681098,1,1,1,2019,7
0.007273483966498386,0.007372754329413085,0.012916225266546327,0.011928570865273802,ETH,10.754919712061787,9.9438614466744,29.26408956350605,35.92459098504409,20.139439108753667,0.006975613736425242,POS,2019-07-17,4.51085950651685,3.7612001156935624,1.0986122886681098,0,1,1,2019,7
0.04305948946044697,0.24137631957526948,0.10795714150509228,0.09621885774054292,ETH,12.266047644622745,9.692889970390437,30.429976215079172,36.33308767061322,21.416413018005855,0.026641930946421175,POS,2019-07-23,4.795790545596741,0.0,4.143134726391533,0,1,1,2019,7
3.088311454847084,2.73696154459663,1.358409157630355,2.503891949699081,ETH,3.258096538021482,9.402199633250627,15.39075214848015,20.83638239714739,15.056607501769221,0.016365354086264272,POS,2019-07-24,3.4339872044851463,1.0986122886681098,3.367295829986474,0,1,1,2019,7
0.06765864847381481,0.026836653953559674,0.032467190137501496,0.025960101669531634,BSC,10.902923865496952,9.772410288929185,37.661748395794426,46.29211874359495,23.767788274717454,0.06765864847381481,POSA,2019-07-29,0.6931471805599453,0.0,2.302585092994046,1,1,1,2019,7
3.088311454847084,2.859339648648436,1.3454723665996355,2.3942522815198695,ETH,12.44452245610173,9.400216653174247,15.401052392419725,20.846019817010845,15.056607501769221,0.012916225266546327,POS,2019-07-30,1.3862943611198906,1.0986122886681098,4.189654742026425,0,1,1,2019,7
0.4054651081081644,2.0241930674493576,1.8050046959780757,2.0731719286662407,ETH,10.762763389682739,7.602900462204755,27.390589192779505,32.21999447408916,18.27637403436373,0.16551443847757338,POS,2019-07-30,10.969938154395841,4.189654742026425,3.871201010907891,0,1,1,2019,7
0.10345870836822998,0.4343764516025845,0.13714983814723364,0.026641930946421175,ETH,10.40746981382011,7.471932078245122,31.851190614321272,37.072665304491416,20.11101662504314,0.007571265496318075,POS,2019-08-06,7.107425474110705,7.1316985104669115,1.791759469228055,0,1,1,2019,8
0.6415906936455432,0.30785227924116393,0.17571645774181885,0.013301146239128443,ETH,7.259819610363186,5.71042701737487,30.956412850734917,35.91720652618593,18.379858759848776,0.6415906936455432,POS,2019-08-08,0.0,0.0,0.0,1,1,1,2019,8
0.01978301926080619,0.020429881511508124,0.0015018716259892605,0.0011693160834029663,ETH,3.258096538021482,8.06777619577889,28.16371125272473,35.10701849701767,18.24632736871235,0.016857117066422903,POS,2019-08-14,0.0,0.0,0.0,1,1,1,2019,8
0.6463175932031473,2.498151876538021,2.075684492802124,2.419478844465545,ETH,3.258096538021482,8.281977058867758,29.800762287232022,35.97519316774043,19.519293035953808,0.6463175932031473,POS,2019-08-27,7.591357046698551,2.302585092994046,2.0794415416798357,0,1,1,2019,8
0.6931471805599453,4.48863636973214,0.6931471805599453,0.7026023393307004,ETH,9.447307929883463,8.244596756382498,16.55732448545817,22.430845669612044,13.09952863789846,0.6830968447064438,POS,2019-08-29,1.791759469228055,5.4680601411351315,3.828641396489095,0,1,1,2019,8
0.5394130806179033,1.7950872593207297,0.9669838461896731,0.7178397931503169,ETH,3.258096538021482,7.450079569807499,20.149777329544555,23.763695635171732,15.376912015842787,0.12221763272424921,POS,2019-09-02,3.1780538303479458,1.0986122886681098,4.330733340286331,0,1,1,2019,9
1.4655675420143985,1.8325814637483102,1.1537315878891892,0.43178241642553783,ETH,13.251904569757656,10.0875575798642,28.075587162912484,36.23014443230076,19.469292900822328,0.20261426006171704,POS,2019-09-02,6.230481447578482,0.0,6.272877006546167,0,1,1,2019,9
2.7587433154177283,3.062923523094314,1.827769906751088,1.2919836816486494,ETH,13.126279698597532,10.476047770106955,25.45751039179612,34.017034183034205,18.420680753952364,0.4637340162321401,POS,2019-09-19,5.683579767338681,0.6931471805599453,10.413342705547674,0,1,1,2019,9
7.299733562966523e-05,7.199740812440928e-05,6.899761960949733e-05,6.699775560024929e-05,ETH,10.32551474894327,9.266815218904162,38.67022083315647,45.20968044621416,25.05925148523495,6.799768810480532e-05,POS,2019-09-25,7.280008252884188,3.6888794541139363,4.454347296253507,0,1,1,2019,9
0.0035935355101301704,0.0030952049073024192,0.004440128026021296,0.0026963615477426086,ETH,8.62998601889136,7.554858521040676,33.55540673163056,37.8516508880821,21.591587393487387,0.0035935355101301704,POS,2019-09-26,1.0986122886681098,0.0,0.6931471805599453,1,1,1,2019,9
7.615298339825815,7.598399329323964,7.618742377670413,8.003363058629947,BSC,2.772588722239781,0.6931471805599453,3.9318256327243257,3.9318256327243257,3.9318256327243257,7.30854279753919,POSA,2019-10-02,6.542471960506805,7.444833273892193,0.6931471805599453,0,1,1,2019,10
1.6187940073581253,1.0296194171811581,0.9570487243463228,1.0543120297715298,ETH,13.933968032802081,10.465129857127469,23.531651789261804,30.018364650789223,18.724415504201506,0.4574248470388754,POS,2019-10-14,3.713572066704308,1.791759469228055,3.970291913552122,0,1,1,2019,10
9.2095759055392e-05,0.0014189927534140195,4.4998987530373974e-05,2.99995500089998e-05,ETH,6.771935555839602,6.282266746896006,33.34248938381908,36.26075838888923,20.72326583794641,9.199576825954476e-05,POS,2019-10-21,0.6931471805599453,0.0,1.791759469228055,1,1,1,2019,10
4.087655574071304,4.927253685157205,3.7932394694381792,6.298949246855942,ETH,13.076118371569821,9.202711344811691,18.6047745405488,24.63998740177605,14.810274033827783,1.597365331199831,POS,2020-01-01,0.6931471805599453,0.0,0.0,0,1,1,2020,1
0.0639133257436528,0.07510747248680541,0.005783244755727333,0.018036362486098582,ETH,12.873848170502226,9.750452916367067,35.28355743454172,42.1085086534203,23.431316038115288,0.001069427958020248,POS,2020-01-01,2.1972245773362196,2.0794415416798357,1.9459101490553132,0,1,1,2020,1
2.4807312783775197,4.014037930834876,4.162626069638506,3.6423118182976015,ETH,12.992243302470808,9.283033057369623,23.183480672604137,30.21386218842805,16.851985513005324,0.31481073984003355,POS,2020-01-01,1.9459101490553132,1.3862943611198906,6.322565239927284,0,1,1,2020,1
0.020782539182528502,0.05448818528406973,0.02264173048082465,0.022739486969489426,ETH,3.258096538021482,9.728836502046393,28.481434914476438,34.12169474751609,20.842804791843662,0.019802627296179712,POS,2020-01-01,10.173552856959743,3.4011973816621555,4.1588830833596715,0,1,1,2020,1
0.046883585898850416,0.012916225266546327,0.0017983819413793735,0.0016985566355814771,ETH,11.833863380672868,9.199986959896691,34.50905104827102,40.69775791194774,23.025850930040455,0.001199280575482097,POS,2020-01-06,5.641907070938114,0.0,1.6094379124341003,0,1,1,2020,1
0.000879613027007515,0.0006098140256257356,0.0007597113462419786,0.00040991597296660454,ETH,9.895253747609024,9.1958356857733,39.972911543699766,46.47016144102163,25.3284360229445,1.6999855501637648e-05,POS,2020-01-06,1.0986122886681098,2.1972245773362196,2.772588722239781,1,1,1,2020,1
0.16923631724529917,1.1052568313867783,0.11332868530700317,0.10255658832509207,ETH,10.711457836917562,7.848543482456679,18.88746383763474,25.9804011916209,13.47468575146278,0.005385472276337817,POS,2020-01-14,5.60947179518496,4.3694478524670215,5.303304908059076,0,1,1,2020,1
0.02845139317390143,0.016872849489373683,0.001174310227768708,0.0012129640615671294,ETH,8.278428259199071,4.844187086458591,13.15055477331478,15.976903007516352,9.305741456739435,0.005152702000647737,POS,2020-01-15,0.6931471805599453,0.0,2.0794415416798357,1,1,1,2020,1
0.27002713721306015,0.18232155679395465,0.10616019582839065,0.027615167032973367,ETH,9.490242257109001,6.285998094508865,34.10695974646347,38.01996560831087,20.72326583794641,0.22314355131420976,POS,2020-01-29,11.599112335481124,1.0986122886681098,5.2574953720277815,0,1,1,2020,1
0.00020487901086206728,5.54184643685362e-05,8.915602548344349e-05,5.9298241824506194e-05,BSC,11.61043322831804,8.689632748355741,45.67958279850329,52.35151066596841,27.63102111592955,0.00020487901086206728,POSA,2020-02-14,4.31748811353631,1.0986122886681098,4.477336814478207,1,1,1,2020,2
7.152268856032539,2.6775909936175015,6.4457198193855785,7.504942068396171,ETH,10.381366341153338,7.5485559791698735,5.9277309332864645,10.406705670235002,7.637520900296579,4.624972813284271,POS,2020-03-17,9.820160289946374,3.4339872044851463,2.3978952727983707,0,1,1,2020,3
0.023716526617316044,0.010643160098479827,0.0034938892542557796,0.0016985566355814771,ETH,3.258096538021482,9.213734605044198,31.664768381883725,37.64981905052721,22.46312885167681,9.299567576810029e-05,POS,2020-04-17,3.828641396489095,0.6931471805599453,4.852030263919617,0,1,1,2020,4
0.03408060231182612,0.015931418336384406,0.01576507557838243,0.0019520934252274067,ETH,3.7376696182833684,2.70805020110221,34.20302223245339,18.42104984703521,18.421180627989518,0.004458048120321295,POS,2020-04-21,0.0,8.891649112650057,0.0,1,1,1,2020,4
1.6183976538055722,1.3737155789130306,1.1878434223960523,6.635946555686647,ETH,7.284134806195205,5.564520407322694,35.851955410890604,40.698656054470966,20.72326583794641,1.6183976538055722,POS,2020-04-22,2.0794415416798357,1.9459101490553132,0.0,1,1,1,2020,4
1.0152306797290584,0.8586616190375187,0.2776317365982795,0.3293037471426004,ETH,12.807767694437908,9.958638397000977,29.318067547551006,36.21247737702559,20.72326583794641,0.04018178963283184,POS,2020-04-27,4.77912349311153,1.3862943611198906,4.382026634673881,0,1,1,2020,4
1.4609379041156565,1.000631880307906,0.1397619423751587,0.47436908675537554,ETH,11.562534341522245,9.581283046045924,26.254652694430288,32.63042062436556,19.11382792951231,0.1484200051182733,POS,2020-05-21,4.727387818712341,5.594711379601839,7.518064181233078,0,1,1,2020,5
0.9202827531436926,0.7289968334536425,0.1988508587451652,0.20701416938432615,ETH,12.504716912965524,9.331584079261546,31.65512268915703,38.852429352532894,20.723114607311786,0.6678293725756554,POS,2020-05-25,6.003887067106539,0.6931471805599453,10.367253014814716,0,1,1,2020,5
4.189654742026425,4.135486505553276,4.174387269895637,4.330733340286331,ETH,9.218407743053941,5.488937726156687,17.431455318905527,22.185728437052756,11.520615917488144,4.02535169073515,POS,2020-06-11,5.25227342804663,1.3862943611198906,1.0986122886681098,0,1,1,2020,6
6.816735880594968,6.230481447578482,4.148043294556035,4.512001711095627,ETH,14.623220037616754,12.303167595320952,17.218700404264414,25.270349507251215,16.118095750958314,5.006292544662119,POS,2020-06-19,5.564520407322694,3.6635616461296463,7.186144304522325,0,1,1,2020,6
1.0780693874367804,2.0476928433652555,1.3164082336557241,2.683074215032033,ETH,14.069709267149479,11.32942321142811,28.03660454029543,37.91271598183755,20.093001285394966,0.0793286066102066,POS,2020-06-24,8.71948076085107,0.0,7.890208213109961,0,1,1,2020,6
0.7490548124982412,0.2776317365982795,0.06015392281974709,0.09712671073072274,ETH,12.074505037703174,8.570923513837204,27.527905357137207,33.56009924489647,18.916166207202544,0.04783732941416013,POS,2020-07-08,6.439350371100098,0.6931471805599453,3.9318256327243257,0,1,1,2020,7
0.7419373447293773,0.22314355131420976,0.07603468627599762,0.05826890812397577,ETH,11.419855773396634,7.78155595923534,31.43592048111615,35.77887030078149,20.7231919818467,0.4382549309311553,POS,2020-08-10,4.553876891600541,9.205428327615163,0.6931471805599453,0,1,1,2020,8
2.4973291697865574,1.631199404215613,0.9895411936137477,0.3646431135879093,ETH,12.694885762012897,9.19502366786429,25.453695967031692,31.808281377272337,18.31438151063634,2.152924318439639,POS,2020-08-14,5.736572297479192,0.6931471805599453,6.29156913955832,0,1,1,2020,8
0.11955923505763925,0.03633192924739028,0.001199280575482097,2.0347056478384444,ETH,10.836064933972965,8.605387202152153,29.680289808937804,35.17773947085845,20.371235868278173,,POS,2020-08-16,5.537334267018537,1.0986122886681098,6.09807428216624,0,1,1,2020,8
0.5709795465857378,2.2353763433005955,0.8544153281560676,0.6471032420585384,ETH,14.726304610738842,12.260399833006307,29.554195794969097,37.876142152021146,21.821878125947855,0.048790164169432,POS,2020-08-16,7.462214939768189,0.0,7.682943169878292,0,1,1,2020,8
0.41871033485818504,0.22314355131420976,0.04114194333117518,1.6118350370338217,ETH,13.02916636329184,10.475681051249266,27.829853036648803,34.98158697948939,20.60548280141503,0.06765864847381481,POS,2020-08-18,7.02197642307216,0.6931471805599453,4.31748811353631,0,1,1,2020,8
1.5040773967762742,0.645531326618282,0.15700374880966478,0.2546422183735807,ETH,12.650085163250576,9.722445177240553,26.17832126313085,32.10414567044378,19.55291113490595,0.06485097231961633,POS,2020-08-21,4.276666119016055,7.621195162809845,1.6094379124341003,0,1,1,2020,8
1.589235205116581,1.916922612182061,0.7793248768009976,0.7747271675523681,ETH,15.59725033060008,11.396223095184085,29.927534533313647,39.1714125025902,21.514630303094535,1.5173226235262949,POS,2020-08-21,9.249657234353133,1.6094379124341003,5.19295685089021,0,1,1,2020,8
2.9236990706541595,1.2837077723447896,0.4574248470388754,0.4762341789963716,ETH,3.258096538021482,8.673855001429615,25.639213133487157,30.657516822137506,18.420680753952364,1.6389967146756448,POS,2020-08-29,0.0,1.0986122886681098,2.3978952727983707,0,1,1,2020,8
2.951884873773715,1.8705706496523449,1.2166915767337108,0.9030028375472197,ETH,8.15708378502887,5.627621113690637,12.384696887667415,15.339387037227844,9.952325334619427,2.951884873773715,POS,2020-09-02,1.6094379124341003,1.3862943611198906,1.791759469228055,1,1,1,2020,9
6.453624998892692,5.697093486505405,3.800197190245889,4.583435693842085,ETH,13.384224438363091,9.638805604313408,15.212353315304789,21.61908089207444,13.466366088693896,6.453624998892692,POS,2020-09-03,3.8501476017100584,10.229223792606835,3.1780538303479458,1,1,1,2020,9
6.453624998892692,5.267858159063328,3.784189633918261,4.5217885770490405,ETH,13.390338028027745,9.636392113692736,14.557453579050955,20.458640700370694,13.466366088693896,6.453624998892692,POS,2020-09-03,2.3978952727983707,1.791759469228055,7.591357046698551,0,1,1,2020,9
0.09796211485954534,0.003918313373894383,0.008005867351307984,0.0038047527398649313,ETH,9.903087472514787,6.220590170099739,26.26093340633838,30.066859726283692,16.953021095451334,0.09796211485954534,POS,2020-09-04,1.9459101490553132,0.6931471805599453,2.6390573296152584,1,1,1,2020,9
0.1722712209404532,0.10345870836822998,0.3293037471426004,0.048790164169432,ETH,12.684905928399916,10.33292957002574,33.14355238593275,40.37727867032341,23.02585093004045,0.03536714383729131,POS,2020-09-08,4.1588830833596715,3.6888794541139363,7.635786861395585,0,1,1,2020,9
3.2445435716167785,2.9156062290747062,0.7907275088988094,0.9895411936137477,ETH,13.094504908775923,9.526318313582811,25.551722649881032,31.792006950473674,18.826145858727198,1.0577902941478545,POS,2020-09-13,3.7612001156935624,1.791759469228055,6.499787040655854,0,1,1,2020,9
0.7929925155296614,0.7561219797213337,0.20701416938432615,0.27002713721306015,ETH,12.548438196695022,10.066073979755881,30.557409132333234,38.98285576633678,20.72326583794641,0.16720791898390647,POS,2020-09-14,4.356708826689592,1.3862943611198906,4.204692619390966,0,1,1,2020,9
2.163323025660538,0.7975071958841881,0.33647223662121295,1.1118575154181303,ETH,12.335920386834259,8.831857935197906,27.62602822557323,35.199943567521736,18.420680753952364,0.6205764877251099,POS,2020-09-16,5.365976015021851,1.3862943611198906,4.564348191467836,0,1,1,2020,9
1.2178757094949273,1.2809338454620642,0.2963940130538024,0.2654364635044612,ETH,3.258096538021482,8.142063283104147,26.964861382997967,33.26853121184459,17.95006317636416,1.2178757094949273,POS,2020-09-17,5.655991810819852,1.9459101490553132,7.983098940710892,0,1,1,2020,9
6.768090831854162,4.692759729140782,4.621506026603914,4.527835475046096,ETH,3.258096538021482,7.270312886079025,13.62252983352704,16.637110453516655,10.819798284210286,4.2983732496766285,POS,2020-09-17,0.6931471805599453,1.9459101490553132,1.791759469228055,1,1,1,2020,9
4.609859175474223,3.0281994636914926,1.572773928062509,0.883767540168595,ETH,11.372294645230435,8.46252579007393,17.90834195734437,24.13579973104151,13.592368256649284,2.248128907197987,POS,2020-09-24,0.6931471805599453,2.3978952727983707,0.0,0,1,1,2020,9
0.3987761199573678,0.5933268452777344,0.028587456851912555,0.05732506661926941,ETH,11.558701567606812,8.54927308487965,24.97769428707871,31.59459241926283,17.41028071342739,0.005286004429237356,POS,2020-10-03,2.302585092994046,3.6635616461296463,3.970291913552122,0,1,1,2020,10
2.1849270495258133,1.0402767116551463,0.22314355131420976,0.2546422183735807,BSC,12.955697035740947,9.636392113692736,29.7855653202905,36.35860503533859,20.72326583794641,0.48858001481867097,POSA,2020-10-06,1.3862943611198906,2.302585092994046,4.007333185232471,0,1,1,2020,10
3.367295829986474,2.8903717578961645,1.3862943611198906,2.772588722239781,ETH,11.191203900294923,7.805474625270857,27.774167749163578,33.184663935536,18.385101237048595,0.9321640810304452,POS,2020-10-06,4.3694478524670215,0.0,4.02535169073515,0,1,1,2020,10
2.1849270495258133,1.0260415958332743,0.22633844221072896,0.27414080188511364,ETH,12.948588394380204,9.625755810937516,29.85833114141985,36.46314582178493,20.72326583794641,0.4382549309311553,POS,2020-10-10,1.0986122886681098,2.302585092994046,4.04305126783455,0,1,1,2020,10
0.023716526617316044,0.001069427958020248,0.0006397952873394118,0.0003599352155478022,ETH,3.258096538021482,7.912056888179006,30.941883145618924,36.08272249286848,20.72326583794641,0.0006397952873394118,POS,2020-10-15,1.0986122886681098,2.1972245773362196,5.541263545158426,0,1,1,2020,10
5.472270673671475,4.189654742026425,2.186051276738094,2.458733775483977,BSC,15.589757914663204,11.670552950839415,17.930743833368112,26.213289668651804,16.44090359779141,2.833213344056216,POSA,2020-10-16,7.72356247227797,5.4680601411351315,0.0,0,1,1,2020,10
6.498282149476434,5.840641657373398,4.51085950651685,5.262690188904886,ETH,14.833742887651573,12.05472636303554,18.79961785861504,27.099452789616436,16.588099342704055,3.7285808209654885,POS,2020-10-18,6.843749949006225,1.3862943611198906,6.928537818164665,0,1,1,2020,10
0.0017854052151377055,0.007321134970553767,0.01171115592801125,0.5836670799411242,ARBI,2.70805020110221,1.0986122886681098,38.34534110212267,19.519268786973313,19.519293035953808,0.0016316681052922241,Fraud Proofs,2020-10-21,5.932245187448011,1.3862943611198906,6.541029999189903,1,1,1,2020,10
6.75110146893676,6.9985096422506015,6.161207321695077,6.0063531596017325,ETH,11.075474211004208,7.489412083508719,11.71419138641915,16.09328616664961,10.771658895221004,3.9774361439763783,POS,2020-10-21,2.3978952727983707,8.575650760987806,6.333279628139691,0,1,1,2020,10
6.706862336602747,6.9985096422506015,6.161207321695077,6.016157159698354,ETH,11.066857088419516,7.493873886783559,11.709735149065398,16.097581500376666,10.771658895221004,3.9191972091761462,POS,2020-10-21,2.3978952727983707,0.0,6.124683390894205,0,1,1,2020,10
3.1179499062782403,2.379546134130174,3.784189633918261,3.871201010907891,ETH,13.592823152599681,10.751970424805041,25.743415723417854,18.247478853385374,18.420680753952364,0.7153977894947651,POS,2020-10-21,2.1972245773362196,1.0986122886681098,5.60947179518496,0,1,1,2020,10
4.859812404361672,3.4657359027997265,2.0794415416798357,2.833213344056216,ETH,15.642655188885316,11.2636945788927,21.845143882234865,30.689003004587832,17.216707972959764,1.5665304114228238,POS,2020-10-22,3.713572066704308,0.0,4.189654742026425,0,1,1,2020,10
1.9079115459640799,3.486640863479623,2.485989396739238,2.1548968200944416,ETH,8.323608442343572,5.717027701406222,30.775696715383926,35.65383948355847,18.420680753952364,1.133013715385442,POS,2020-10-28,1.0986122886681098,1.0986122886681098,1.0986122886681098,1,1,1,2020,10
1.780024213009634,1.2781522025001875,0.3285840637722067,0.2738366656297279,ETH,13.042954302276618,10.56738613273695,29.246208107452905,36.986193633787096,20.967454034504392,0.11100455804291136,POS,2020-10-28,4.59511985013459,5.963579343618446,4.553876891600541,0,1,1,2020,10
6.152732694704104,7.616775808698373,4.584967478670572,4.653960350157523,ETH,13.227911875392369,9.223059144383958,14.725487508606816,20.782468425296532,13.154920833283825,5.91350300563827,POS,2020-10-29,1.0986122886681098,7.107425474110705,2.0794415416798357,0,1,1,2020,10
4.68213122712422,2.70805020110221,2.3513752571634776,2.91235066461494,ETH,12.596281973746887,9.601436066117046,26.87456386948179,18.237959119141873,18.26985786584569,2.0412203288596382,POS,2020-10-31,6.061456918928017,1.0986122886681098,4.8283137373023015,0,1,1,2020,10
0.4265740713183996,0.1856493468866293,0.06765864847381481,0.0657877405380031,ETH,10.483606002798068,6.721425700790643,15.621304800883166,18.916505880222115,12.042153200832782,0.01772203298761645,POS,2020-11-03,7.490529402060711,1.9459101490553132,1.3862943611198906,0,1,1,2020,11
0.7178397931503169,1.430311246536665,0.8628899551470398,0.23901690047049992,ETH,10.840502055950259,7.544861068658458,33.27268413028659,38.52613633565867,20.72326583794641,0.04401688541677433,POS,2020-11-03,0.6931471805599453,0.6931471805599453,6.779921907472252,0,1,1,2020,11
1.409766717305033,2.1090124797700707,0.4300926779328945,0.8812436967965873,ETH,4.127134385045092,3.8066624897703196,65.27284895924161,65.9655025404048,9.210440366976517,0.48612301112561884,POS,2020-11-04,0.0,2.302585092994046,1.0986122886681098,1,1,1,2020,11
0.020530303651980223,0.024497471600387438,0.01927935315724251,0.007355879062944781,ETH,9.493713172839865,8.336630087637147,37.33633201956279,44.19194156260566,23.025850930040455,0.001437965631685101,POS,2020-11-08,2.3978952727983707,5.455321115357702,3.5553480614894135,1,1,1,2020,11
2.2551789705967753,1.1727916868423611,1.1727916868423611,1.160960913732645,ETH,5.043425116919247,1.3862943611198906,12.662558032478003,13.055541540697225,6.90875477931522,1.3880428316540074,POS,2020-11-08,0.0,1.6094379124341003,0.0,1,1,1,2020,11
5.449492194345154,3.1376223845536075,2.6411978941143697,2.1234584270966104,ETH,3.258096538021482,7.859026979751538,13.120067662867074,19.277545061229976,34.53884305935522,5.432236184113824,POS,2020-11-08,4.110873864173311,1.0986122886681098,3.5263605246161616,1,1,1,2020,11
4.983606621708336,5.10594547390058,2.631888840136646,2.580216829592325,ETH,14.388782954186143,11.304042250007907,26.332102737738264,35.47178961851383,19.413932520666354,0.22314355131420976,POS,2020-11-09,3.828641396489095,2.1972245773362196,0.6931471805599453,0,1,1,2020,11
1.0705556908855842,1.620773422097846,1.6193882432872684,1.0105094071131369,ETH,7.955425088912672,3.6109179126442243,12.969666979731066,14.932128243902147,8.588717206215605,1.045563067578294,POS,2020-11-11,0.6931471805599453,0.0,0.0,1,1,1,2020,11
1.0715836162801904,1.620773422097846,1.5151272329628591,0.820660500858905,ETH,7.955425088912672,3.6109179126442243,12.969666979731066,14.932128243902147,8.588717206215605,1.0469680555157712,POS,2020-11-11,0.6931471805599453,0.0,0.0,1,1,1,2020,11
1.0909160820336394,0.8569652657893403,0.6745248564318507,0.9669838461896731,ETH,4.90527477843843,4.543294782270004,15.212842732409563,17.401558185712602,10.158168529848494,0.7920871284148489,POS,2020-11-17,0.0,0.0,0.0,1,1,1,2020,11
1.8172647596364169,1.324418957401803,0.16546358972717046,0.6282016432692031,BSC,8.551787836180736,6.366470447731438,25.58710322775135,30.565176100116386,16.213405921671733,1.3147983594148207,POSA,2020-11-18,2.1972245773362196,0.0,2.302585092994046,1,1,1,2020,11
2.0425181875752383,1.074319596099065,0.9635559243412692,0.8389776287714849,ETH,1.791759469228055,1.3862943611198906,15.736715714239562,16.10218894092228,8.476579508530941,2.0425181875752383,POS,2020-11-18,0.0,1.0986122886681098,0.0,1,1,1,2020,11
0.10685689552282997,0.08888961200140214,0.06240186511296498,0.06942568447656172,ETH,3.367295829986474,2.4849066497880004,34.44477775466223,18.421367905182258,18.421680254275458,0.10685689552282997,POS,2020-11-21,0.0,2.0794415416798357,0.0,1,1,1,2020,11
0.07603468627599762,0.07045846364856141,0.030432207120201983,0.16135325035775827,ETH,10.354945264494765,7.903965634032166,31.584632552628005,36.567923918849964,20.71363405201078,0.009157937784765629,POS,2020-11-23,1.0986122886681098,0.0,8.82776136765472,0,1,1,2020,11
0.15700374880966478,0.3852624007906449,0.10436001532424277,0.08342160813907239,ETH,12.504598214200595,9.543306469268108,30.125850929776885,36.8178883085505,20.926396757571272,0.11332868530700317,POS,2020-11-23,1.9459101490553132,5.342334251964811,3.871201010907891,0,1,1,2020,11
0.38107200066164915,0.3856079193235337,0.277223319874189,3.115335873199823,ETH,7.925518979786926,3.8501476017100584,67.61565651165277,68.28490729174311,36.841361487904734,0.38107200066164915,POS,2020-11-27,8.717845704894916,1.3862943611198906,6.352629396319567,1,1,1,2020,11
1.0660890969625496,0.22234323114344062,0.11332868530700317,0.03149866705937099,ETH,11.550067095250848,7.510977752014095,27.66242285967763,32.206669877822755,18.5869211647156,0.6471032420585384,POS,2020-12-02,9.711176264112805,0.6931471805599453,1.6094379124341003,0,1,1,2020,12
3.3884498088396526,2.4423470353692043,1.0043016091968684,0.35844337933469306,ETH,11.760379116701966,8.213652703029998,21.818405709947193,26.51504676496718,16.380459992348886,0.5953138202111822,POS,2020-12-03,4.430816798843313,0.6931471805599453,5.3981627015177525,0,1,1,2020,12
0.7929925155296614,0.3220834991691133,0.05921185963184609,0.11243542932978817,ETH,12.605667222406591,10.223358460802768,30.394601564029795,36.049542228350546,22.452497398995128,0.10436001532424277,POS,2020-12-08,5.176149732573829,3.2188758248682006,4.143134726391533,0,1,1,2020,12
0.4166463642301999,0.5380266972919798,0.5480133101817247,0.6385975373873782,ETH,4.709530201312334,4.110873864173311,23.27711117212488,25.39507809511458,13.815511557963774,0.3081682895765967,POS,2020-12-09,2.0794415416798357,9.517898598432753,3.4657359027997265,1,1,1,2020,12
1.205970806988609,0.346422567474381,0.037295784743696894,0.31481073984003355,ETH,3.258096538021482,8.221747728346623,26.220649539734623,32.00147358758075,18.017916883781222,0.3646431135879093,POS,2020-12-22,5.777652323222656,1.6094379124341003,0.6931471805599453,0,1,1,2020,12
3.295836866004329,2.163323025660538,0.7178397931503169,1.33500106673234,ETH,11.47216596849693,8.592486175451668,22.434046299568653,28.77571672255464,16.11788033550066,2.4849066497880004,POS,2020-12-23,4.795790545596741,0.0,1.3862943611198906,0,1,1,2020,12
1.766441661243765,0.5247285289349821,0.23901690047049992,0.49469624183610705,ETH,11.430651937534222,8.514589805546123,24.27840385657801,30.000239335009137,17.216707972959764,1.0543120297715298,POS,2020-12-25,10.628641991731053,1.9459101490553132,6.82001636467413,0,1,1,2020,12
2.0149030205422647,1.3056264580524357,0.4574248470388754,0.4700036292457356,ETH,14.393717034613111,11.58931226718867,27.798866107219055,35.85769529861829,21.12873094571924,1.2249512107111278,POS,2020-12-25,6.664409020350408,1.3862943611198906,6.551080335043404,0,1,1,2020,12
0.7026023393307004,0.6951451832226183,0.6971392018294827,0.7551825714793979,ETH,13.82775330871889,9.141954459109717,29.354200078846883,35.257577958961214,20.29161090870944,0.6946460566836812,POS,2020-12-26,3.6888794541139363,0.6931471805599453,4.962844630259907,0,1,1,2020,12
0.26466929814270806,0.0934903430873389,0.010939940038334362,0.03633192924739028,ETH,12.46035433380431,9.321344930019094,34.699042563896604,41.04955029914982,23.025850930040455,0.04401688541677433,POS,2020-12-26,1.0986122886681098,11.904974309480183,4.356708826689592,0,1,1,2020,12
0.055434706888100586,0.028587456851912555,0.0035935355101301704,0.006975613736425242,ETH,12.836082988801262,10.031660866259111,32.46955571873245,38.95476984106955,22.914511761664226,0.00975229144267827,POS,2021-01-04,2.3978952727983707,1.791759469228055,4.997212273764115,0,1,1,2021,1
4.276666119016055,6.1224928095143865,5.43372200355424,2.8207834710894493,BSC,16.428059627698737,11.488868400376436,20.203259443252602,29.872980740137077,16.54167886469224,1.749199854809259,POSA,2021-01-05,4.31748811353631,1.3862943611198906,5.680172609017068,0,1,1,2021,1
2.1186622548331173,1.797078630705655,1.4031514781863135,1.5789787049493917,ETH,13.926269873838265,10.788349534906622,27.27697352572711,34.17346739061841,20.72326583794641,1.2296405510745139,POS,2021-01-06,8.901230352110781,1.3862943611198906,3.6109179126442243,0,1,1,2021,1
0.007375732288052219,0.0040716993700536915,0.0035237841736164613,0.01991046461878153,ETH,7.8336002236611035,6.089044875446846,25.39389814258687,28.478245101330103,16.696750515017637,0.007375732288052219,POS,2021-01-11,1.0986122886681098,0.6931471805599453,3.6888794541139363,1,1,1,2021,1
0.13283102242256012,0.059070473576988414,0.05157675420901909,0.02713353355646147,ETH,5.817111159963204,3.8066624897703196,22.99507397385183,24.399954760929756,13.815511557963774,0.11001516594583445,POS,2021-01-13,0.0,0.0,0.0,1,1,1,2021,1
0.43397092897488937,0.5571447374032468,0.4450927897205985,0.39363945994616745,ETH,8.449984441722787,5.976350909297934,12.682459962804018,13.396461989770254,6.68586094706836,0.21716770747326927,POS,2021-01-16,1.791759469228055,1.791759469228055,3.5263605246161616,1,1,1,2021,1
0.4383646023363817,0.5588440616598589,0.40952352823566585,0.4244177010248514,ETH,8.449984441722787,5.976350909297934,12.641981353868239,13.564936651379444,6.68586094706836,0.22178262567486823,POS,2021-01-16,1.791759469228055,1.791759469228055,3.5263605246161616,1,1,1,2021,1
2.837908188360424,2.517696472610991,2.489064659936664,0.2776317365982795,ETH,9.907579170439382,7.886081401775745,20.72344570307837,25.989570277714655,14.914123179965662,2.1090003439213802,POS,2021-01-22,4.060443010546419,1.791759469228055,1.6094379124341003,0,1,1,2021,1
4.382026634673881,4.6913478822291435,4.30406509320417,8.4096079807363,ETH,10.112734998658226,6.812345094177479,32.4183306125775,33.408444877223715,21.816969634536907,3.8918202981106265,POS,2021-01-23,0.0,11.719947764402807,4.941642422609304,0,1,1,2021,1
2.066862759472976,1.5623463049002497,1.0188473201992472,0.9932517730102833,ETH,10.43285029730053,6.606650186198215,14.667617433864056,18.343718813611673,11.633948935408906,1.3428648031925547,POS,2021-01-24,4.060443010546419,0.6931471805599453,3.970291913552122,0,1,1,2021,1
2.905807566026004,1.1378330018213911,0.35767444427181594,0.3220834991691133,ETH,3.1780538303479458,3.091042453358316,51.82053364979306,53.222545568398196,27.63102111592955,2.4344901638739844,POS,2021-01-27,6.148468295917647,5.602118820879701,7.4133673356952405,1,1,1,2021,1
1.589235205116581,0.7419373447293773,0.12221763272424921,0.18979357163265562,ETH,12.784184885957904,9.392495248213038,23.867529619768007,30.179368516823068,18.132952930707425,0.07973496801885356,POS,2021-01-28,2.3978952727983707,0.0,5.484796933490655,0,1,1,2021,1
1.4978357358527978,0.35318887465390053,0.29839943579297656,0.21752781252857406,ETH,9.976133742520982,6.597145701886651,53.635069486405136,57.200190095026436,29.696777484050354,1.4978357358527978,POS,2021-01-28,2.3978952727983707,1.0986122886681098,3.044522437723423,1,1,1,2021,1
1.9286186519452522,1.220829921392359,0.6377401732882069,0.34924742810993575,BSC,13.239100532985438,9.712871692917354,26.754604729699658,33.9412340352423,19.11382792951231,0.36485142522286734,POSA,2021-01-29,1.791759469228055,5.575949103146316,2.5649493574615367,1,1,1,2021,1
3.7723010622530087,2.312535423847214,0.8372475245337022,0.9202827531436926,ETH,10.18028560838583,6.98933526597456,20.642212463021636,24.83046321918217,14.799053016502755,2.3702437414678603,POS,2021-02-02,11.184435286790631,4.77912349311153,3.5263605246161616,0,1,1,2021,2
8.225503097566918,7.6324011266014535,7.822845290279774,8.315077007294104,ETH,7.898039690764619,3.5263605246161616,13.586120404350641,14.8119815949483,9.199957657658755,7.33875817087814,POS,2021-02-03,9.358846580275406,2.1972245773362196,3.713572066704308,0,1,1,2021,2
1.8575472097660581,1.8558291304680006,2.071031274319866,1.903002648044037,ETH,10.075632502878522,9.164819856674374,21.14089769555767,27.0788403965556,16.743071071393917,1.8575472097660581,POS,2021-02-03,1.3862943611198906,0.0,0.6931471805599453,1,1,1,2021,2
0.008405276485015652,0.09975392807730131,0.16923040706234943,0.0060430936725265035,ETH,7.796057974316123,5.4638318050256105,25.315641621595006,27.991512284096924,16.118095750958314,0.006383581518938565,POS,2021-02-05,0.0,0.0,0.0,1,1,1,2021,2
1.691939133945844,1.144222799920162,0.47187687362741587,0.6259384308664953,BSC,15.366453092632085,12.088515834283118,27.23806218891637,36.362021847525234,20.030118658386467,1.0094167098636386,POSA,2021-02-09,5.181783550292085,2.302585092994046,7.518064181233078,0,1,1,2021,2
2.5952547069568657,1.9315214116032138,1.0296194171811581,1.1939224684724346,ETH,13.238822870898412,9.797960356321203,26.081478916849097,32.271793675125195,19.260796594234087,1.4586150226995167,POS,2021-02-10,4.74493212836325,3.258096538021482,7.496097345175956,0,1,1,2021,2
1.172482137234565,0.43178241642553783,0.3920420877760237,0.044973365642731154,ETH,9.980031840175913,6.926577033222725,31.784857109129213,36.1607924921935,20.002693716301522,0.6963420714564645,POS,2021-02-14,1.791759469228055,0.6931471805599453,2.3978952727983707,0,1,1,2021,2
1.0647107369924282,0.5653138090500605,0.5347374438123036,0.18481843699254183,ETH,11.988762049408408,9.233470789365038,27.505840313522558,33.55105438325684,19.875635087413098,1.0647107369924282,POS,2021-02-15,2.302585092994046,1.6094379124341003,7.0909098220799835,0,1,1,2021,2
7.4127640174265625,5.652489180268651,4.634728988229636,4.499809670330265,ETH,11.699637370065476,8.58876938990546,18.95273176084072,26.4174655317443,13.815511557963774,3.8501476017100584,POS,2021-02-16,4.07753744390572,2.3978952727983707,6.957497370876951,0,1,1,2021,2
4.298780886070615,3.2872818575322613,2.5877640352277083,1.6351056591826783,ETH,12.219842405741094,9.039789270781144,20.453068859950292,26.349245234150185,16.118095750958314,3.441379171294987,POS,2021-02-17,2.0794415416798357,2.0794415416798357,1.0986122886681098,0,1,1,2021,2
0.13102826240640408,0.07325046173959267,0.025667746748577788,0.04974209189481407,ETH,11.576172527534057,10.039285125433349,29.221334056614342,36.12500942278185,20.72326583794641,0.04783732941416013,POS,2021-02-23,4.727387818712341,0.0,8.304247465078474,0,1,1,2021,2
3.775057150354989,3.1484533605716547,1.7544036826842861,1.6639260977181702,BSC,9.851773116849449,5.945420608606575,16.655777862935185,21.416651595724204,11.51293546492023,0.8647868890070395,POSA,2021-02-23,8.594339400592892,2.1972245773362196,0.0,1,1,1,2021,2
0.8628899551470398,0.4836599556932212,0.25541711186450544,0.028587456851912555,ETH,3.258096538021482,8.13505390861157,31.77548560884344,37.36341711449429,20.72326583794641,0.4363175715909291,POS,2021-02-25,7.1785454837637,1.6094379124341003,10.65492722584759,0,1,1,2021,2
0.9555114450274363,1.2725655957915476,0.6951451832226183,0.08709470685093376,ETH,11.964255828950343,9.144734614878189,25.542656759223075,31.279111798792076,19.00846741441004,0.15700374880966478,POS,2021-02-28,9.803722464346553,1.791759469228055,1.6094379124341003,0,1,1,2021,2
1.4701758451005926,0.41871033485818504,0.06765864847381481,0.05921185963184609,ETH,11.570967932364097,9.080573313917117,25.160041751746498,30.779971804715178,18.420680753952364,1.1939224684724346,POS,2021-03-01,1.791759469228055,8.689632748355741,1.791759469228055,0,1,1,2021,3
4.899956960169804,3.2846635654062037,2.822449741410706,1.6956156086751528,ETH,3.1780538303479458,2.6390573296152584,77.08862924769254,39.82754834861519,39.8371612591807,3.846716189227493,POS,2021-03-02,0.0,4.2626798770413155,0.0,1,1,1,2021,3
0.1397619423751587,0.0639133257436528,0.003992021269537453,0.013902905168991422,ETH,11.842603242874025,8.457443187010464,35.63081407534872,41.01190289691576,23.025850930040455,0.008959741371471902,POS,2021-03-02,6.444131256700441,0.6931471805599453,8.449128460502108,0,1,1,2021,3
1.6467336971777973,0.7452651348220519,0.2415334164258007,0.18456902933443392,ETH,11.003898223145617,8.999125391527247,26.966263981252464,33.7585444363578,18.62587217250306,0.5133025536408833,POS,2021-03-08,0.6931471805599453,4.867534450455582,1.0986122886681098,0,1,1,2021,3
1.6620303625532709,0.4880277150899866,0.2759636794975825,0.24474847506659408,BSC,16.21560386785368,11.240565408616233,24.87621163492434,33.25881944254086,19.03670244296569,1.1474024528375417,POSA,2021-03-10,5.043425116919247,9.148571345578551,6.359573868672378,0,1,1,2021,3
0.4637340162321401,0.20204248140615572,0.198276923584082,0.1408917386974817,ETH,9.77696014606437,7.148345743900068,32.848339110420945,37.48065252696528,20.72326583794641,0.35725477580374143,POS,2021-03-17,1.0986122886681098,4.532599493153256,4.997212273764115,0,1,1,2021,3
4.084024829815246,2.0724169267428714,2.2917263496591698,2.368279196189408,BSC,10.443774886451738,8.221747728346623,30.125101453126987,36.21158399021313,20.030118658386467,4.084024829815246,POSA,2021-03-17,0.0,2.302585092994046,0.0,1,1,1,2021,3
0.0006697756502039826,0.00018998195228600757,5.1998648046867504e-05,7.099747961929732e-05,ETH,12.549367980356648,11.122339117090533,43.146824226816946,52.84318088196175,27.63102111592955,0.0003599352155478022,POS,2021-03-18,2.3978952727983707,8.751632702472298,6.115892125483034,0,1,1,2021,3
5.655991810819852,4.454347296253507,3.459466289786131,2.5649493574615367,ETH,10.73557024711685,9.918179101279117,15.378835047894066,22.143901850029717,13.815511557963774,2.70805020110221,POS,2021-03-21,5.484796933490655,2.302585092994046,2.1972245773362196,0,1,1,2021,3
0.09531017980432487,0.012916225266546327,0.02176149178151269,0.17898265552844,ETH,12.216216027054793,9.355825038718164,28.151024660951627,35.19051925939406,20.030118581119023,0.03633192924739028,POS,2021-03-23,1.791759469228055,7.074116816197362,7.039660349862076,0,1,1,2021,3
0.18504700604736496,0.0,0.0,0.0,BSC,0.6931471805599453,0.6931471805599453,16.066802461833923,16.066802461833923,16.066802461833923,0.18504700604736496,POSA,2021-03-24,0.0,0.0,0.0,1,1,1,2021,3
0.23111172096338664,0.2851789422336624,0.16551443847757338,0.13102826240640408,BSC,13.190240693557408,12.18737390872263,31.743660875633644,40.706330213788014,23.025850930040455,0.23111172096338664,POSA,2021-03-25,4.07753744390572,0.0,6.253828811575473,0,1,1,2021,3
0.14410034397375684,0.045928931888399804,0.045928931888399804,0.010544213875671154,ETH,11.886170365771454,9.159993997539445,34.89059456378808,41.105463862747,23.025850930040455,0.13102826240640408,POS,2021-03-26,0.6931471805599453,0.0,5.2574953720277815,0,1,1,2021,3
0.11832688774202463,0.009906765547778302,0.009358076297136336,0.01073220332902706,BSC,6.815639990074331,3.784189633918261,23.88779295935932,26.483129749222112,13.910821646859095,0.0648884599018591,POSA,2021-03-27,8.114025442356757,1.3862943611198906,5.963579343618446,1,1,1,2021,3
1.0647107369924282,0.12221763272424921,0.03052920503482287,0.2776317365982795,ETH,10.903990748093918,8.461257559085935,28.993734775947406,35.69945159457585,19.09617299436265,1.0647107369924282,POS,2021-03-28,4.795790545596741,0.6931471805599453,5.402677381872279,0,1,1,2021,3
2.511223958105374,0.05826890812397577,0.00608147031586796,0.011928570865273802,ETH,11.5354107651893,8.32263709695394,28.137106023257566,34.97580558857365,18.419821732457613,2.151762203259462,POS,2021-03-28,1.791759469228055,0.0,7.791935956938058,0,1,1,2021,3
0.832909122935104,0.2851789422336624,0.15700374880966478,0.039220713153281295,BSC,13.843257039332341,9.576232704964523,31.290168700099947,39.12989590952849,20.72326583794641,0.5653138090500605,POSA,2021-03-28,6.030685260261263,4.48863636973214,1.3862943611198906,0,1,1,2021,3
0.6941466808930289,0.6976370858327973,0.6971392018294827,0.6956440607585325,ETH,3.258096538021482,8.181720455128108,21.84932972462239,27.40965136254978,15.814931360608636,0.6626879730752367,POS,2021-04-03,6.2422232654551655,2.302585092994046,1.3862943611198906,0,1,1,2021,4
2.0162354657760435,1.528227857008557,1.2947271675944,1.0647107369924282,BSC,4.343805421853684,2.0794415416798357,39.674574831960946,40.3070996067377,21.05973878901524,1.6974487897568136,POSA,2021-04-03,0.0,1.9459101490553132,0.0,1,1,1,2021,4
2.8758219768814333,1.922787731634459,0.9001613499442714,1.7940900845663375,BSC,14.899419277017143,11.083418657381783,23.89216117643374,32.3684387136958,18.420680753952364,0.549854010733469,POSA,2021-04-03,5.075173815233827,1.6094379124341003,7.01301578963963,0,1,1,2021,4
7.554334823725748,6.490723534502507,4.5217885770490405,4.955827057601261,ETH,13.755583255464202,10.8938091107312,19.33291381147601,27.769275115529826,15.978007359289558,4.276666119016055,POS,2021-04-04,5.579729825986222,4.418840607796598,6.343880434126331,0,1,1,2021,4
1.9878743481543455,0.9555114450274363,0.9555114450274363,0.2151113796169455,BSC,3.58351893845611,2.6390573296152584,1.3370233121131079,0.0,0.0,1.1184149159642893,POSA,2021-04-06,5.424950017481403,1.6094379124341003,1.0986122886681098,1,1,1,2021,4
0.02176149178151269,0.0246926125903715,0.023716526617316044,0.026641930946421175,ETH,13.204068702163765,12.275300156153877,28.50826229101985,36.88780385029106,21.131971045055536,0.020782539182528502,POS,2021-04-06,10.709985739582528,2.3978952727983707,5.700443573390687,0,1,1,2021,4
6.3784261836515865,4.031227252906622,2.7893229212309465,3.1692653243148663,ETH,4.718498871295094,4.02535169073515,17.631631131279804,19.48893649601477,11.289794413577894,5.778889947143006,POS,2021-04-07,4.454347296253507,1.3862943611198906,4.605170185988092,1,1,1,2021,4
4.48863636973214,4.31748811353631,4.330733340286331,4.204692619390966,ETH,12.940484122780347,11.169829338750404,15.738570926485037,23.65365577082632,14.867398514834619,3.7376696182833684,POS,2021-04-10,1.6094379124341003,2.3978952727983707,4.189654742026425,0,1,1,2021,4
0.0019321322297906716,5.838829537030523e-05,0.0004133845448341701,0.0002994551588280639,ETH,4.189654742026425,3.4965075614664802,36.25900129114863,37.21689725770889,11.289794413577894,0.0007815944754443939,POS,2021-04-12,0.0,0.0,0.0,1,1,1,2021,4
0.6151856390902334,0.412109650826833,0.016857117066422903,0.010939940038334362,ETH,11.9918021123028,8.912069097970134,32.52092307388157,38.210179826246865,21.88014703405296,0.4762341789963716,POS,2021-04-13,4.927253685157205,3.044522437723423,4.51085950651685,0,1,1,2021,4
1.776645831418007,0.8153648132841945,0.23111172096338664,0.6312717768418579,ETH,11.920561548139094,9.224933374279082,25.9037761430353,31.45599190849627,19.11382792951231,0.4061315526513249,POS,2021-04-15,4.48863636973214,0.6931471805599453,4.948759890378168,0,1,1,2021,4
0.13522994926010412,0.06485097231961633,0.05448818528406973,0.006379606964039027,ETH,9.531771484474337,7.170119543449628,35.72729001447311,41.57515495466385,21.639556569220566,0.06438225892926822,POS,2021-04-16,4.897839799950911,1.3862943611198906,8.261268150577648,0,1,1,2021,4
0.1722712209404532,0.044973365642731154,0.05638033343610764,0.1397619423751587,ETH,12.135596531725849,9.400382051785275,31.120448644637754,37.56472904080501,21.416413018006356,0.09893994785490356,POS,2021-04-16,6.666956792429207,4.343805421853684,2.302585092994046,0,1,1,2021,4
1.8669998257155715e-07,7.97099996823158e-09,9.062749958933281e-09,4.518999989789319e-09,ETH,3.970291913552122,3.1354942159291497,92.23123708917646,93.93598518084339,17.909855136853043,2.5699999669755005e-08,POS,2021-04-18,0.0,5.62040086571715,0.0,1,1,1,2021,4
3.9889840465642745,2.772588722239781,2.1972245773362196,2.302585092994046,ETH,12.349501768614587,9.680093969966709,23.77166845658917,30.592902191389772,17.72753358339242,1.0647107369924282,POS,2021-04-19,5.170483995038151,0.6931471805599453,5.929589143389895,0,1,1,2021,4
2.1599976672033592e-06,6.899999761950011e-08,0.005484930230569685,0.0030952049073024192,BSC,11.732414346105623,10.08726638032806,50.58364791880108,59.03345548346256,30.67554355365202,2.1599976672033592e-06,POSA,2021-04-19,2.3978952727983707,5.313205979041787,11.451060699493427,0,1,1,2021,4
0.9360933591703349,0.7561219797213337,0.6765095394069219,0.6820862332005203,ETH,8.91018077801329,5.937536205082426,15.477046529162614,18.843279502788732,11.371429313915286,0.7227059828014898,POS,2021-04-20,5.003946305945459,0.0,0.0,0,1,1,2021,4
0.03859272755005345,0.011228820167996496,0.011850405755125205,0.009206192664871772,BSC,2.70805020110221,2.5649493574615367,51.50935640259792,49.81017281652613,27.63102111592955,0.03859272755005345,POSA,2021-04-21,0.0,0.0,0.0,1,1,1,2021,4
2.9999999550000006e-08,8.91999999602168e-10,3.35999999943552e-10,6.17999999809038e-10,BSC,9.600556469321608,7.448333860897476,59.669737419521596,64.70406528893582,34.538776394910684,2.9999999550000006e-08,POSA,2021-04-22,2.302585092994046,2.302585092994046,4.406719247264253,1,1,1,2021,4
1.3209999127479577e-07,6.281999980268237e-09,3.3269999944655357e-09,5.1105599869410885e-09,BSC,6.0473721790462776,5.4638318050256105,29.69121493247226,32.24467094258582,18.420680753952364,1.0911299994047175e-09,POSA,2021-04-22,7.8083230503910555,5.099866427824199,4.343805421853684,1,1,1,2021,4
1.07999941680042e-06,1.9699998059550255e-07,1.0199994798003537e-06,1.9725998054424875e-07,ETH,4.204692619390966,4.0943445622221,54.88734182543187,57.15011575129037,29.933606208922694,1.07999941680042e-06,POS,2021-04-26,0.0,1.0986122886681098,2.5649493574615367,1,1,1,2021,4
2.1656192379208883,3.7669972333778885,1.7833912195575383,2.0992441689760155,ETH,12.577960287372342,10.174468433264497,20.282602202204643,26.981819200355467,16.54322600075249,3.6016862424115588,POS,2021-04-26,9.113939597689829,1.791759469228055,1.9459101490553132,0,1,1,2021,4
1.0908140506019029e-05,9.270202603165856e-07,8.121996701657586e-07,5.253998619774684e-07,ETH,2.833213344056216,2.70805020110221,65.53039877458775,66.40674317654017,34.538776394910684,1.0908140506019029e-05,POS,2021-04-26,1.6094379124341003,0.0,1.9459101490553132,1,1,1,2021,4
1.0116009116784799,0.2546422183735807,0.20212418409013436,0.09075436326846414,ETH,11.133741950255953,7.91862865334224,29.8381545166614,35.28418913787829,19.583831556883045,0.1914464645709552,POS,2021-04-27,2.3978952727983707,0.6931471805599453,1.9459101490553132,0,1,1,2021,4
0.5538851132264376,0.27002713721306015,0.020782539182528502,0.016857117066422903,BSC,14.161711035714909,10.238565961087293,27.116320259601483,34.10117779141432,19.852397060332184,0.3293037471426004,POSA,2021-04-29,8.055475141757274,0.0,8.423102268016642,0,1,1,2021,4
4.289088639014612,1.425515074273172,1.809926773183504,0.9895411936137477,ETH,9.973013615184739,6.697034247666484,24.453625693328537,28.870827953753253,16.118095750958314,3.3603753871419,POS,2021-04-30,4.060443010546419,0.0,0.0,0,1,1,2021,4
0.37338396744397495,0.017122568556722072,0.16933087542228797,0.021595137436589633,ETH,3.7376696182833684,3.295836866004329,68.97956777756518,69.92329413409112,23.025850930040455,0.08780939182440828,POS,2021-04-30,2.0794415416798357,2.3978952727983707,2.3978952727983707,1,1,1,2021,4
0.3784364357202451,0.08984070399978947,0.045928931888399804,0.13871791931182267,ETH,14.588088412789666,11.215772013616148,28.109784640715308,36.6690333384058,21.008444779931953,0.005087039048557106,POS,2021-04-30,3.970291913552122,6.2324480165505225,5.3230099791384085,0,1,1,2021,4
1.379999990478e-08,1.9189999981587196e-09,8.2999999965555e-10,9.399999995582e-10,ETH,13.63878411926335,12.486967990155463,64.11431963469144,73.51806963932403,39.14394658089878,3.2999999994555e-10,POS,2021-05-01,7.099201743553092,6.881411303642535,7.307202314764738,0,1,1,2021,5
9.999999999500001e-11,8.199999999966381e-12,4.499999999989875e-12,8.099999999967195e-12,BSC,13.761901953735347,12.568317051183774,65.2488486577067,75.05464846091499,39.14394658089878,7.99999999968e-11,POSA,2021-05-02,2.3978952727983707,8.616314282284044,4.770684624465665,0,1,1,2021,5
0.17395330712343804,0.06672363204290818,0.012916225266546327,0.008265744417032619,ETH,16.008098178993947,10.706273583613463,32.20828934291221,39.506736700967195,22.80076127093695,0.06109509935981088,POS,2021-05-02,0.6931471805599453,7.916078096302786,1.3862943611198906,0,1,1,2021,5
0.9858167945227653,0.3954147722546629,0.3694924476493468,0.2546422183735807,ETH,10.290177505317958,8.085178748074537,33.37659785150124,39.74913597334952,20.94640938906062,0.9858167945227653,POS,2021-05-02,2.302585092994046,5.860786223465865,1.9459101490553132,0,1,1,2021,5
1.1755733298042381,0.19392069263730652,0.9745596399981308,2.1400661634962708,ETH,13.665984501396549,10.719493753007932,25.58623672903967,33.280268305958884,19.37019744576081,1.1039314501457096,POS,2021-05-04,5.4680601411351315,1.0986122886681098,5.365976015021851,0,1,1,2021,5
3.6509179478268177,4.219992881576647,3.047090565829133,3.522824869783854,ETH,12.693719709948505,9.242420265439595,21.890925606384897,28.655937146748066,16.118095750958314,3.08922261664133,POS,2021-05-06,4.23410650459726,1.0986122886681098,5.966146739123692,0,1,1,2021,5
1.3999999020000092e-07,4.199999991180001e-09,4.0199999919198e-09,1.7999999983799998e-09,BSC,12.425453125363843,11.162630127995534,56.74889654224394,66.00816522237622,34.538776394910684,2.9999999550000006e-08,POSA,2021-05-08,6.418364935936212,4.919980925828125,7.828436359157585,0,1,1,2021,5
2.8329999959870553e-09,1.577999998754958e-09,1.6284999986739938e-09,8.779899961456678e-09,ETH,8.916371914881694,5.5053315359323625,63.576294388993134,34.53877630009416,34.53877637945165,2.777999996141358e-09,POS,2021-05-08,3.5553480614894135,1.0986122886681098,2.6390573296152584,1,1,1,2021,5
7.744136627627991,7.188412736496954,4.465908118654584,3.828641396489095,BSC,14.416669086334489,8.752581469146884,12.292989698911612,18.110923418823543,11.512936001854715,7.30854279753919,POSA,2021-05-11,5.631211781821365,2.1972245773362196,4.442651256490317,1,1,1,2021,5
0.16551443847757338,0.0031948908965191976,0.0016985566355814771,0.004091617903253565,ETH,11.242388898019872,8.62515033292133,33.98849369481756,39.127931745845686,22.86294547013076,0.005683816468297671,POS,2021-05-11,5.25227342804663,7.951911381854188,5.680172609017068,0,1,1,2021,5
0.00027603189968962384,2.3019735043866185e-05,1.3789904918824112e-05,1.1819930144350463e-05,ETH,2.833213344056216,2.6390573296152584,51.33926708690086,51.58151127974468,27.631021115928547,0.00027603189968962384,POS,2021-05-12,1.3862943611198906,1.3862943611198906,0.0,1,1,1,2021,5
0.11730114178640351,0.05394921430772804,0.01822294888841935,0.018154210580042053,ETH,3.4011973816621555,3.332204510175204,34.92659955569987,19.11131490174693,19.11382792951231,0.11730114178640351,POS,2021-05-15,1.9459101490553132,1.6094379124341003,4.852030263919617,1,1,1,2021,5
1.8606999999999985e-15,3.202339999999949e-14,3.733389999999993e-15,7.142199999999975e-15,ETH,10.12330558042176,8.073714641109857,23.956879081753723,90.39415577733138,46.34272896895753,1.8606999999999985e-15,POS,2021-05-16,5.645446897643238,1.9459101490553132,0.6931471805599453,1,1,1,2021,5
2.8154087194227095,1.451613827240533,1.0577902941478545,0.2851789422336624,ETH,11.419284890598735,8.635864721133736,26.36472743938351,32.08626714576768,18.419526513148202,2.028148247292285,POS,2021-05-16,2.3978952727983707,1.3862943611198906,5.501258210544727,0,1,1,2021,5
5.099998699500442e-07,5.5999998432000056e-08,3.099999951950001e-08,1.1699999931555002e-08,ETH,4.430816798843313,4.174387269895637,60.35107870942848,62.36493092676563,32.92933848247659,5.999999820000006e-08,POS,2021-05-18,0.0,5.537334267018537,0.0,1,1,1,2021,5
4.110873864173311,3.548467300397191,1.916922612182061,2.028148247292285,ETH,14.348606350375993,10.117428893085538,25.1828074598906,32.629905552132904,18.41886516844215,1.8562979903656263,POS,2021-05-20,4.465908118654584,1.0986122886681098,5.327876168789581,0,1,1,2021,5
3.699999315500169e-07,4.849999882387504e-08,1.8599999827020005e-08,6.79999997688e-09,ETH,3.9512437185814275,3.8501476017100584,65.19821272908861,66.69547498431852,35.23192357547063,1.1499999338750051e-07,POS,2021-05-20,4.356708826689592,5.41610040220442,3.58351893845611,1,1,1,2021,5
3.654288009344317,3.3338460193044592,3.4769230921902907,3.475067230228611,BSC,13.097845249590604,10.205368344387722,14.159989135976454,21.415293163244673,13.47350868719947,3.592919062968025,POSA,2021-05-20,1.9459101490553132,0.0,2.4849066497880004,1,1,1,2021,5
0.412109650826833,0.27002713721306015,0.22314355131420976,0.3920420877760237,ETH,11.329050702576719,9.386392315756542,27.90305220952352,34.246475651613416,19.675089005358807,0.10436001532424277,POS,2021-05-23,7.2305631534092925,1.0986122886681098,6.529418838262226,0,1,1,2021,5
3.381538743998971,2.312040251764801,1.1984576236378257,1.1960414339996557,BSC,7.641564441260972,7.6251071482389,61.05679639020923,66.79305960535518,34.538776394910684,2.2125509702900645,POSA,2021-05-26,3.828641396489095,9.367429587218957,3.044522437723423,1,1,1,2021,5
0.4631048875545789,0.18481843699254183,0.009950330853168083,0.019802627296179712,ETH,14.12254442080643,9.879041159631202,26.264173500434026,32.765814974292965,19.327665410655136,0.17311261770864478,POS,2021-05-26,4.74493212836325,0.0,6.616065185132817,0,1,1,2021,5
1.255e-16,4.904e-18,1.89339e-17,1.738e-18,BSC,6.322565239927284,5.82600010738045,89.65078994656142,93.06607809433615,34.538776394910684,9.90421e-19,POSA,2021-05-26,3.828641396489095,0.6931471805599453,3.258096538021482,1,1,1,2021,5
2.247072383063787,1.5769147207285403,0.2546422183735807,0.2851789422336624,ETH,11.880245547832038,9.203114326884442,25.31421494499665,31.589779326797206,18.420680753952364,0.4510756193602166,POS,2021-05-27,2.1972245773362196,0.0,6.161207321695077,0,1,1,2021,5
0.20872003064848554,0.032467190137501496,0.050693114315518116,0.039220713153281295,ETH,11.776212380587287,9.061956366209925,31.93315004608211,37.76378052646971,21.639556569220566,0.04907583764659263,POS,2021-05-31,10.165890277802454,1.3862943611198906,4.454347296253507,0,1,1,2021,5
0.00023317281310657355,2.2579745075637453e-05,4.0889164026738556e-05,3.1729496614198265e-05,BSC,3.5263605246161616,2.772588722239781,43.180519188057275,45.11393931592082,23.025850930040455,5.9208247157140206e-05,POSA,2021-05-31,0.6931471805599453,1.3862943611198906,0.6931471805599453,1,1,1,2021,5
1.9671123567059163,1.5851452198650557,0.7561219797213337,0.9400072584914712,BSC,7.692113339595466,6.990256500493881,75.90372723679158,81.50610309794713,20.72326583794641,1.449269160281279,POSA,2021-06-01,5.44673737166631,6.411818267709897,2.0794415416798357,1,1,1,2021,6
1.4039999014392093e-07,1.0886999940736617e-08,4.426999990200836e-09,2.8638999958990383e-09,BSC,9.678091466168624,7.834788107388194,55.67505141267612,61.547897173181504,32.23619130191665,1.4039999014392093e-07,POSA,2021-06-07,1.6094379124341003,1.0986122886681098,3.332204510175204,1,1,1,2021,6
0.3581638349901513,0.0877727537354469,0.0637350734599098,0.05162423961913576,POLYGON,8.259458195332408,6.180016653652572,28.904743970455126,32.878690928354715,18.049617077054286,0.3581638349901513,POS,2021-06-08,1.0986122886681098,1.6094379124341003,3.2188758248682006,1,1,1,2021,6
4.386280075953497,3.480562937042896,1.634130525024472,1.3897882503741463,BSC,10.093611921393103,8.089482474360754,37.913050123805796,43.328414939216756,23.7189981105504,4.386280075953497,POSA,2021-06-08,1.0986122886681098,2.1972245773362196,0.0,1,1,1,2021,6
2.899999579500081e-07,5.699999837550006e-08,4.79999998848e-09,5.5999999843199996e-09,ETH,4.356708826689592,4.0943445622221,54.993216667539016,52.81299056278273,29.933606208922694,2.5999996620000585e-07,POS,2021-06-09,3.4657359027997265,1.791759469228055,4.820281565605037,1,1,1,2021,6
8.740999996179746e-10,6.749999999772188e-11,6.138999999811563e-11,6.44499999979231e-11,ETH,3.6109179126442243,3.1354942159291497,93.61752081186896,48.35428187448028,48.35428695387496,8.740999996179746e-10,POS,2021-06-10,0.0,0.0,1.3862943611198906,1,1,0,2021,6
6.08999998145595e-09,3.19999999488e-09,4.1499999913887495e-09,3.19999999488e-09,BSC,16.0547849623924,14.440738576119598,68.38779547495388,77.63257137191613,40.5790311061881,2.7999999996080003e-10,POSA,2021-06-11,5.58724865840025,1.3862943611198906,7.65491704784832,0,1,1,2021,6
1.1069110914828049,1.1069110914828049,1.1069110914828049,1.1069110914828049,ETH,4.672828834461906,4.07753744390572,65.01507446709546,66.87807772227465,11.51293546492023,0.899348011143843,POS,2021-06-11,1.9459101490553132,0.0,0.0,1,1,1,2021,6
9.999500033330834e-05,9.999500033330834e-05,9.999500033330834e-05,9.999500033330834e-05,ETH,2.1972245773362196,1.6094379124341003,150.58432177648712,75.9853080688035,75.9853080688035,9.999500033330834e-05,POS,2021-06-11,0.0,0.0,0.0,1,1,1,2021,6
1.0750024230289759,0.5709795465857378,0.2715526905218973,0.26466929814270806,ETH,11.500032709428266,9.002824076547672,25.84269202890303,32.45540314034024,18.420680753952364,0.3987761199573678,POS,2021-06-11,3.6109179126442243,0.0,6.261491684321042,0,1,1,2021,6
0.007110013840374304,0.0017933909127533184,0.0007897980274115759,0.0003600951579557399,BSC,9.885476319734277,7.751045117971802,22.013760923306762,26.786441012091675,15.424948670398354,0.007110013840374304,POSA,2021-06-12,1.0986122886681098,1.6094379124341003,0.6931471805599453,1,1,1,2021,6
5.1988648566790474e-05,0.0,3.3849427101678366e-05,4.7628865727566795e-05,BSC,7.232733136177615,7.118826249062078,61.298246661247894,66.43588596515238,34.538776394910684,5.1988648566790474e-05,POSA,2021-06-12,0.0,0.0,1.0986122886681098,1,1,1,2021,6
0.5933268452777344,1.6808279085207734,0.3435897043900769,0.2468600779315258,BSC,16.101750493718097,11.452155832640278,27.937793867214918,36.58406420441273,20.628287221732673,0.19062035960864973,POSA,2021-06-13,2.3978952727983707,9.031333316150057,5.863631175598097,0,1,1,2021,6
1.9866407108242934,0.84070474491756,0.5543447776794864,1.017040634974298,ETH,3.784189633918261,3.713572066704308,33.14738676498338,18.418196773918357,18.420680753952364,0.696641069814201,POS,2021-06-15,6.113682179832232,3.9889840465642745,3.784189633918261,1,1,1,2021,6
1.160999999932604e-10,5.928999999824235e-11,4.1999999999117996e-11,4.49999999989875e-11,ETH,4.0943445622221,3.871201010907891,59.35945918290314,61.25175448116378,32.23619130191665,1.160999999932604e-10,POS,2021-06-16,0.6931471805599453,1.0986122886681098,1.9459101490553132,1,1,1,2021,6
0.7884573603642702,0.7021069219314172,0.6874308735638363,0.6845604196226227,ETH,6.669498089857879,3.6635616461296463,25.372908633432804,26.796904589196966,14.801250914118686,0.7884573603642702,POS,2021-06-17,0.6931471805599453,0.0,1.791759469228055,0,1,1,2021,6
5.0186999874063245e-09,2.645349996501062e-09,1.2240599992508387e-09,7.20954999740112e-10,BSC,4.454347296253507,4.30406509320417,59.74345056129455,62.79887643832922,32.23619130191665,5.0186999874063245e-09,POSA,2021-06-17,5.43372200355424,1.6094379124341003,2.772588722239781,1,1,1,2021,6
0.23901690047049992,0.0344014267173324,0.012027380212718455,0.11064652008706366,ETH,9.453129675537227,6.85751406254539,26.905537118107464,31.025021533500947,17.72753358339242,0.018821754240587758,POS,2021-06-17,4.189654742026425,1.3862943611198906,1.0986122886681098,0,1,1,2021,6
2.0344399793052697e-08,1.8589999982720597e-09,1.4304999989768348e-09,1.5989999987215994e-09,ETH,3.295836866004329,3.1354942159291497,64.76237375363141,65.28509444485151,34.538776394910684,2.0344399793052697e-08,POS,2021-06-17,0.0,1.0986122886681098,0.0,1,1,1,2021,6
0.008741679936754775,0.008711940602021502,0.0006697756502039826,0.0006497888414970632,ETH,3.4965075614664802,3.4657359027997265,41.04047191968772,41.239971543166284,23.025850930040455,1.499999999998875e-12,POS,2021-06-17,3.8501476017100584,0.0,2.1972245773362196,1,1,1,2021,6
0.00454066555744886,0.003694965200560654,0.003108872444247138,0.002988529892633141,BSC,3.784189633918261,3.5553480614894135,37.62657119305603,39.503788574161014,20.72326583794641,0.00454066555744886,POSA,2021-06-18,0.0,1.6094379124341003,3.9512437185814275,1,1,1,2021,6
0.19974062671863904,0.12969403939326746,0.02284700807060909,0.007282418702717732,ETH,3.4657359027997265,3.4011973816621555,38.07686707635161,20.722122300522603,20.72326583794641,0.08352279897126935,POS,2021-06-19,0.6931471805599453,7.155396301896734,2.5649493574615367,1,1,1,2021,6
0.026787976756383076,0.020005351844209103,0.02433449969511449,0.02335513319758006,ETH,5.267858159063328,3.6109179126442243,14.211622117036239,17.080259932714558,8.987321812850125,0.026787976756383076,POS,2021-06-19,0.0,1.791759469228055,0.0,1,1,1,2021,6
1.8159835109196273e-05,1.2319924109423315e-05,4.389990363978202e-06,3.09999519500993e-06,ETH,6.186208623900494,6.1092475827643655,39.54319813856892,41.40330041094574,24.63528884239456,1.8159835109196273e-05,POS,2021-06-20,0.0,0.0,2.302585092994046,1,1,1,2021,6
1.666539861132237e-07,1.4559998940032103e-07,1.2469999222495564e-07,7.122999746314366e-08,ETH,5.8377304471659395,5.755742213586912,57.367000565102806,60.4069547555898,32.23629129691698,1.666539861132237e-07,POS,2021-06-21,0.0,1.0986122886681098,2.3978952727983707,1,1,1,2021,6
0.37910059867683593,0.27556900456797884,0.05398616535375477,0.020600348247884603,BSC,3.4011973816621555,2.9444389791664403,52.31038027762422,54.48262849649411,27.63102111592955,0.2251718928380122,POSA,2021-06-23,6.490723534502507,7.107425474110705,4.248495242049359,1,1,1,2021,6
3.3999999942199996e-09,3.9999999992e-10,9.999999999500001e-11,9.999999999500001e-11,ETH,3.6635616461296463,3.58351893845611,64.83337785401866,65.8211937550337,34.538776394910684,2.79999999608e-09,POS,2021-06-29,0.6931471805599453,0.6931471805599453,0.0,1,1,1,2021,6
8.551634337327498e-05,2.660964596023065e-05,4.099915952297296e-05,6.809976812055273e-06,BSC,4.867534450455582,3.970291913552122,64.19718317225377,65.99918664429907,34.538776394910684,1.9999098000180263e-07,POSA,2021-07-01,3.8501476017100584,3.6375861597263857,0.0,1,1,1,2021,7
1.8899982139522504e-06,6.699977555100254e-06,2.8999579508129487e-05,5.169866360106102e-05,ETH,3.258096538021482,11.127674664112304,50.656721149027994,59.71596067664982,31.572897084506383,6.599997822000958e-07,POS,2021-07-02,1.0986122886681098,4.709530201312334,5.993961427306569,0,1,1,2021,7
1.585999998742302e-09,5.055999998721844e-10,7.037999999975233e-12,3.105999999951764e-11,BSC,10.415562395702551,7.29641326877392,42.77599451904082,48.54913511770441,25.3284360229445,1.105999999388382e-09,POSA,2021-07-03,1.791759469228055,6.386879319362645,1.3862943611198906,1,1,1,2021,7
0.8552660300363805,0.5905157154316555,0.22861495584415786,0.04558503322048365,POLYGON,5.472270673671475,3.332204510175204,5.710745270796274,6.3832336208107225,5.303304908059076,0.3590790517542946,POS,2021-07-03,0.0,0.6931471805599453,0.0,1,1,1,2021,7
2.4915511925066687,0.9555114450274363,0.6259384308664953,0.76080582903376,ETH,12.614712708131982,9.656243400857722,24.065593083061913,30.32106507822193,18.420680753952364,0.9439058989071284,POS,2021-07-05,0.6931471805599453,0.0,3.9318256327243257,0,1,1,2021,7
4.718498871295094,1.6974487897568136,1.5789787049493917,1.1148136680061178,ETH,3.258096538021482,9.413444467952665,14.16904528899013,20.093060754597186,13.815510557962273,2.760009940032921,POS,2021-07-10,7.601402334583733,0.6931471805599453,10.173552856959743,0,1,1,2021,7
0.22314355131420976,0.07045846364856141,0.004688989486131543,0.0065783153601225676,BSC,14.977030976904784,12.247392116288603,32.79392979995435,42.14164489139424,23.00219464088879,0.006677654753240568,POSA,2021-07-11,5.14166355650266,10.098272780745283,1.9459101490553132,0,1,1,2021,7
0.00033994221309799344,5.1498673920528534e-05,4.9998750041665106e-05,0.0002889582475441128,ETH,13.759168751785982,11.31115193939221,47.04350201205681,55.949210913222615,29.933606208922694,1.8899982139522504e-06,POS,2021-07-14,6.240275845170769,1.6094379124341003,7.937731775260109,0,1,1,2021,7
0.03343477608623739,0.03343477608623739,0.03343477608623739,0.042101176018635396,ETH,5.497168225293202,5.241747015059643,39.50748507229929,42.83256919862352,22.958105113485622,0.03343477608623739,POS,2021-07-16,7.427144133408616,5.043425116919247,3.044522437723423,1,1,1,2021,7
0.7100042976263682,0.11332868530700317,0.03052920503482287,0.0295588022415444,ETH,9.7277641797704,7.922623574217286,32.36887805508994,37.99881087341857,20.72326583794641,0.19062035960864973,POS,2021-07-17,1.3862943611198906,1.6094379124341003,4.969813299576001,0,1,1,2021,7
0.01587334915629015,0.0021975835434872217,0.000569837611704622,0.000499875041651048,ETH,13.683565335278262,10.23616689091864,34.58237571962304,41.79080535743024,23.49585455924869,0.005982071677547464,POS,2021-07-21,1.3862943611198906,2.1972245773362196,8.387312270561717,0,1,1,2021,7
0.006083796125706746,0.0031808357738229783,0.0005100499024307045,0.0003432110963330723,ETH,9.629642636872369,7.596392304064196,32.60706737558798,36.022396352031414,22.33270374958051,0.00045789515001297453,POS,2021-07-22,5.017279836814924,5.123963979403259,4.442651256490317,1,1,1,2021,7
2.637770788089793,1.4620973245353912,0.5340717272516939,0.24488860460444678,BSC,4.736198448394496,3.784189633918261,32.92895855009105,35.54368477729635,18.420680753952364,1.646926356845092,POSA,2021-07-24,2.1972245773362196,7.307202314764738,2.3978952727983707,1,1,1,2021,7
0.00010899405993164105,4.899987995039216e-06,4.299990755026502e-06,6.09998139507566e-06,ETH,13.232047930921231,10.840835026935894,41.9213308255656,49.523907028962675,27.770229722633932,2.0599978782029143e-06,POS,2021-07-27,4.143134726391533,1.6094379124341003,9.525224101853109,0,1,1,2021,7
2.1929934163639513,0.34564432978962506,0.31774657204957935,0.2836220918730619,BSC,8.09132127353041,6.3578422665081,10.567606628537952,14.165090290390783,9.210440366976517,0.431457688382418,POSA,2021-07-27,0.0,0.0,0.0,1,1,1,2021,7
0.8020015854720274,0.8544153281560676,0.3001045924503381,0.3646431135879093,BSC,14.47903941451129,11.237777840409223,24.65400388846745,32.559582942949646,19.303069904790384,0.8285518175661483,POSA,2021-07-28,5.5053315359323625,1.0986122886681098,6.90875477931522,0,1,1,2021,7
2.186051276738094,0.3378997886123984,0.2554945681985359,0.29713723122253605,ETH,13.82859261350786,9.764627703152708,27.4926197502494,34.35842480099886,19.519293035953808,0.3646431135879093,POS,2021-07-31,4.584967478670572,1.9459101490553132,6.714170529909472,0,1,1,2021,7
1.0999999993949998e-09,1.2999999999154998e-10,9.999999999500001e-11,5.09999999986995e-11,BSC,8.242493153187626,6.212606095751519,61.914460912326504,66.09641332653624,34.538776394910684,1.0999999993949998e-09,POSA,2021-08-02,0.6931471805599453,0.6931471805599453,0.6931471805599453,1,1,1,2021,8
0.0010394595746624452,0.00014998875112487344,3.499938751429129e-05,3.099951950993011e-05,BSC,14.234278785883467,12.322156460550755,43.017389156347036,52.69091881874652,27.63102111592955,4.299907552650148e-05,POSA,2021-08-05,4.820281565605037,5.135798437050262,5.583496308781699,0,1,1,2021,8
0.0011214109835962747,0.0419765277901568,0.01670961356294726,0.010701632713648582,BSC,5.8289456176102075,5.111987788356544,29.567753813913495,30.02952565309813,18.420680753952364,0.0005953227602356957,POSA,2021-08-08,4.330733340286331,1.6094379124341003,2.3978952727983707,1,1,1,2021,8
2.174751721484161,1.0508216248317612,0.07603468627599762,0.025667746748577788,BSC,15.565017322193757,13.541971992898159,22.452339474688433,30.695259160095315,18.335122866483964,0.7452651348220519,POSA,2021-08-09,6.391917113392602,2.1972245773362196,8.098946748943339,0,1,1,2021,8
0.044973365642731154,0.026641930946421175,0.007273483966498386,0.0006597822957845883,BSC,13.082474280932674,8.976893927666076,33.451511542461056,39.68198649380857,22.280442195625326,0.018821754240587758,POSA,2021-08-10,1.6094379124341003,1.3862943611198906,2.302585092994046,0,1,1,2021,8
0.06203539091945264,0.013902905168991422,0.0023971245997214934,0.0012991557316200499,ETH,11.299497068342589,8.549466751966532,34.34487671714343,39.06705093716101,23.025850930040455,0.013902905168991422,POS,2021-08-10,1.3862943611198906,0.0,4.23410650459726,0,1,1,2021,8
0.019802627296179712,0.0030952049073024192,0.0009995003330835331,0.0003199488109200459,BSC,8.46821300919452,6.6293632534374485,32.289485592974366,36.74014614342694,19.806975107572256,0.019802627296179712,POSA,2021-08-10,2.0794415416798357,4.624972813284271,0.6931471805599453,1,1,1,2021,8
0.3622095994372072,0.08879811315879865,0.00200012840891665,0.016181470973225854,ETH,10.077818939438902,7.379008127628304,33.00504769752308,38.23376589527248,20.72326583794641,0.014502331000108233,POS,2021-08-12,5.717027701406222,4.770684624465665,2.9444389791664403,1,1,1,2021,8
0.3685936333322597,0.15246354312646912,0.02556052852527598,0.03357983326319556,BSC,6.490723534502507,4.07753744390572,33.44924401434721,26.190172054584338,19.11382792951231,0.19975209185683912,POSA,2021-08-13,3.5553480614894135,7.787796878181171,5.680172609017068,1,1,1,2021,8
0.001199280575482097,0.0017983819413793735,0.005922427751766588,0.0017983819413793735,ETH,9.237955539009157,6.680854678790215,37.272107874827846,42.771031418705924,22.33270374958051,0.00011999280057594817,POS,2021-08-14,5.393627546352362,2.302585092994046,4.394449154672439,1,1,1,2021,8
0.8771340166729611,0.33685787653829485,0.24538711865944537,0.23373605216970197,FANTOM,4.406719247264253,1.9459101490553132,6.8990432033857445,7.059034597090458,4.61512051684126,0.34147186050417816,POS(Lachesis),2021-08-16,6.428105272684596,6.478509642208569,3.5263605246161616,1,1,1,2021,8
0.8754687373538999,0.3435897043900769,0.2468600779315258,0.24373018492259815,POLYGON,15.773298316676705,12.65687434202663,17.8632448522731,26.81637556044716,15.901057626480702,0.346422567474381,POS,2021-08-17,1.9459101490553132,3.6888794541139363,2.302585092994046,0,1,1,2021,8
1.4170417770685497,0.2708664795232191,0.12979943753484444,0.21607865359208808,ETH,12.289103192854306,9.32750099174976,29.899399145631783,36.11021590225865,20.72326583794641,0.47175209977985244,POS,2021-08-18,3.7376696182833684,9.150696519048667,4.204692619390966,1,1,1,2021,8
0.010939940038334362,0.009257021262676761,0.007472014838700995,0.008464078412129412,ETH,3.6375861597263857,3.6109179126442243,36.58779509302971,37.05389344702515,20.72326583794641,0.010939940038334362,POS,2021-08-24,0.0,1.0986122886681098,0.0,1,1,1,2021,8
0.2546422183735807,0.0916671885258238,0.006975613736425242,0.001998002662673056,BSC,16.01815641357991,12.162021484525997,32.646151996237606,41.45834323944091,23.019680090916474,1.4999988750011252e-06,POSA,2021-08-25,1.791759469228055,8.599878558034845,5.676753802268282,0,1,1,2021,8
5.859717276276961,6.160401089604314,5.875124532296036,5.717323710222868,ETH,7.773173680482536,4.0943445622221,5.975347911641811,7.41491313111007,5.707110264748875,4.270913493236007,POS,2021-08-26,1.0986122886681098,3.912023005428146,2.4849066497880004,1,1,1,2021,8
0.9669838461896731,0.1947440767925118,0.8109302162163288,1.4060969884160703,ETH,10.961277846683982,8.22817689595132,28.007059729906402,34.34879861433815,18.420680753952364,0.3987761199573678,POS,2021-08-27,1.3862943611198906,0.6931471805599453,4.02535169073515,0,1,1,2021,8
0.23333147770169954,0.017446913603720644,0.013902905168991422,0.0298500219688853,SNOW,14.852388922267323,10.448192727735796,32.649503364570556,39.99227655370985,22.69734686310731,0.1947440767925118,SNOW,2021-08-27,3.7376696182833684,4.653960350157523,3.828641396489095,0,1,1,2021,8
1.6937790608678513,1.264126727145683,1.2725655957915476,2.2159372862683733,ETH,12.84951211610424,10.441617010829464,17.90904689831325,24.81428753736128,16.261990376818364,0.4186445432202785,POS,2021-08-27,1.0986122886681098,5.631211781821365,4.04305126783455,0,1,1,2021,8
6.214608098422191,2.895359299407204,3.421979920844684,3.326114575537799,ETH,15.745960961460392,8.874028122556336,10.165546483055012,15.76877118217867,10.871080150911938,4.933322190993586,POS,2021-09-02,0.0,0.0,2.0794415416798357,0,1,1,2021,9
3.6941157209091826,1.420695787837223,0.9555114450274363,1.5665304114228238,ETH,9.072227069846548,6.226536669287466,19.86434496715973,24.952952686021188,13.196198197526256,2.775708849576025,POS,2021-09-02,3.9318256327243257,0.0,6.62273632394984,0,1,1,2021,9
8.391403185357937,7.814399633804487,6.386879319362645,4.948759890378168,ETH,10.847646337752757,5.342334251964811,3.2725064962768986,6.528172089716582,4.61512051684126,8.10530751550515,POS,2021-09-05,6.778784897685177,0.6931471805599453,6.186208623900494,0,1,1,2021,9
1.7779985539780179,2.2491843162669305,1.4398351280479207,0.20701416938432615,BSC,13.399026463193673,9.126850061477157,25.804070882175303,31.63399965067535,18.420680753952364,1.4122057429043917,POSA,2021-09-06,2.0794415416798357,4.248495242049359,6.748759547491679,1,1,1,2021,9
1.6467336971777973,0.4637340162321401,0.8878912573524571,1.0543120297715298,ETH,12.195956650955528,9.57609397984812,25.392375419810016,32.67002734208101,18.16333389716653,1.6467336971777973,POS,2021-09-07,5.8916442118257715,0.6931471805599453,7.438971592395862,0,1,1,2021,9
0.4363175715909291,0.31115442863692305,0.0964004942863152,4.897839799950911,ETH,14.005657251691941,8.807172622916703,26.390344915500663,32.430493412862546,18.420679703036825,0.4363175715909291,POS,2021-09-08,0.6931471805599453,1.3862943611198906,1.0986122886681098,0,1,1,2021,9
0.08617769624105233,0.03149866705937099,0.020782539182528502,0.09803374027136541,ETH,8.81195017753998,7.957527402230773,32.89299647364389,39.30778085164008,20.72326583794641,0.08525984395082342,POS,2021-09-08,3.4657359027997265,1.0986122886681098,1.9459101490553132,0,1,1,2021,9
0.010841023177874857,0.0030952049073024192,0.0008596304118820087,0.0005098699942000939,BSC,12.852969059918621,9.36134324551271,30.555412919393838,37.263453194762064,20.72326583794641,0.010841023177874857,POSA,2021-09-09,0.6931471805599453,7.75833346749091,2.3978952727983707,0,1,1,2021,9
0.04401688541677433,0.007968169649176874,0.004987541511039074,0.0012991557316200499,BSC,11.769124610238766,10.149331489371114,34.324010340609966,42.178582662441855,22.802707378751247,0.0013990209137073409,POSA,2021-09-09,2.0794415416798357,1.6094379124341003,1.791759469228055,0,1,1,2021,9
0.393594935537677,0.4133009938759393,0.04717934368492186,0.015804449144943604,ETH,11.486992082943724,9.64930472862475,24.33491193658192,30.788955931737274,18.420680748952364,0.393594935537677,POS,2021-09-09,0.6931471805599453,2.3978952727983707,0.6931471805599453,1,1,1,2021,9
1.4389896464943244e-05,3.219994815811129e-06,1.689998571951609e-06,1.2299992435506203e-06,BSC,11.273665234897482,8.308938252595778,19.88607484112576,20.87832605787757,14.498549424244668,1.4389896464943244e-05,POSA,2021-09-13,0.0,1.791759469228055,0.0,1,1,1,2021,9
0.04783732941416013,0.021076325601916215,0.006478966097709123,0.007630811162899785,ETH,9.207636720401869,7.293017679772782,5.118938375104214,7.7425880164224745,8.859505484519133,0.0295588022415444,POS,2021-09-17,4.454347296253507,6.947937068614969,6.401917196727186,1,1,1,2021,9
6.088255448284944,4.214657727732109,2.634905867064207,2.3040839691177815,BSC,7.149131598557407,6.39024066706535,33.627552803369554,20.00807760843713,20.030118658386467,3.9277585498142042,POSA,2021-09-19,6.173786103901937,8.281723990411392,3.6635616461296463,1,1,1,2021,9
1.9459101490553132,3.079613757534693,2.186051276738094,0.8754687373538999,BSC,14.892943472054437,11.63201431434732,25.725867385055828,33.81339480546869,19.843764357407466,2.7e-18,POSA,2021-09-21,3.8501476017100584,5.298317366548036,4.189654742026425,0,1,1,2021,9
1.4701758451005926,0.44468582126144574,0.3220834991691133,0.6830968447064438,ETH,11.015295724631633,8.20631072579402,29.348526696383665,34.48671781613125,19.85740678074799,1.0473189942805592,POS,2021-09-23,2.302585092994046,1.3862943611198906,2.1972245773362196,0,1,1,2021,9
0.6491952930307625,0.22234323114344062,0.045928931888399804,0.02176149178151269,ETH,9.288041879640035,6.86484777797086,27.61875820759456,31.135192284091122,18.420680753952364,0.6491952930307625,POS,2021-09-24,0.6931471805599453,0.6931471805599453,5.655991810819852,0,1,1,2021,9
1.766441661243765,0.7975071958841881,0.13102826240640408,0.0934903430873389,BSC,14.273588988839048,11.701038551764304,25.225575220317197,33.93430617912391,19.413932520666354,0.8712933659434193,POSA,2021-09-24,4.04305126783455,1.0986122886681098,5.648974238161206,0,1,1,2021,9
0.7178397931503169,0.6981347220709844,0.6946460566836812,0.7742662318447373,ETH,10.30155872609058,8.05579245097777,20.740056616451014,25.553527613534726,15.635946464812594,0.6896410412306577,POS,2021-09-25,10.673618922112436,0.6931471805599453,4.663439094112067,0,1,1,2021,9
3.9400272018377436,4.420766462989812,4.524719061590464,4.128584945376802,ARBI,15.834179545011155,12.62592377680104,32.20828934291221,39.506736700967195,16.165513185933346,2.9375733593804587,Fraud Proofs,2021-09-30,4.804021044733257,1.0986122886681098,5.568344503761097,0,1,1,2021,9
0.00038510583722720006,8.999959500243e-06,7.909968716114972e-06,1.1499933875506953e-05,BSC,3.1780538303479458,2.995732273553991,52.01788935578494,54.00914336714738,27.63102111592955,1.4069901018478447e-05,POSA,2021-09-30,3.8501476017100584,7.415175109613295,4.382026634673881,1,1,1,2021,9
2.163323025660538,0.2546422183735807,0.1578580846155803,0.2776317365982795,ETH,11.487894795244982,8.528133131454572,30.225059294811736,36.71261296611648,20.030118658386467,0.5347374438123036,POS,2021-09-30,2.302585092994046,2.1972245773362196,4.6443908991413725,0,1,1,2021,9
1.631199404215613,0.07603468627599762,0.04018178963283184,0.18647956694261833,ETH,12.01994184276226,9.177920480720072,28.323898900380907,34.84410539585687,20.183545986659503,1.4747630091074988,POS,2021-09-30,4.290459441148391,4.330733340286331,3.7612001156935624,0,1,1,2021,9
0.0880108773227133,0.03149866705937099,0.0026963615477426086,0.0010993954433009636,BSC,13.43651988868498,22.24339108318222,31.080391444228912,39.25477543315391,22.24339108318222,0.013113639145383105,POSA,2021-10-01,3.4339872044851463,1.6094379124341003,2.3978952727983707,0,1,1,2021,10
0.08617769624105233,0.032467190137501496,0.011928570865273802,0.0022973590486834897,ETH,11.07157926097404,9.273127360074948,32.288004112430635,38.50629580431087,22.109560198316302,0.0295588022415444,POS,2021-10-05,2.1972245773362196,10.5815464756746,7.923348211930154,0,1,1,2021,10
4.127618138985026,1.0367368849500223,0.5653138090500605,1.2267122912954254,ETH,6.018593214496234,4.6443908991413725,25.086170613636437,26.950610458987885,16.860033043306743,2.968361076757859,POS,2021-10-08,5.976350909297934,5.707110264748875,3.044522437723423,1,1,1,2021,10
3.9889840465642745,3.713572066704308,2.6390573296152584,2.4849066497880004,ETH,9.948747683940992,7.77485576666552,29.892201718235157,34.51673303164186,20.030118658386467,3.7376696182833684,POS,2021-10-10,1.0986122886681098,0.0,6.018593214496234,0,1,1,2021,10
1.4793292270870801,0.11546924980611413,0.10705907229340779,0.10660973505825823,ETH,10.261826111899026,7.638198244285779,32.85304599249215,38.417607007056226,20.72326583794641,1.4793292270870801,POS,2021-10-10,5.4680601411351315,0.0,9.239996256883693,0,1,1,2021,10
0.24799224928360028,0.019430008862945342,0.0066329532475374086,0.003089223431931625,FANTOM,5.0369526024136295,3.4339872044851463,9.442853755568297,9.905889994213627,7.313886831633462,0.24799224928360028,POS(Lachesis),2021-10-13,7.252053951852814,1.3862943611198906,3.5553480614894135,1,1,1,2021,10
0.22015348551959713,0.02304833467679549,0.00746208923112966,0.0029250379025530945,BSC,6.889591308354466,6.504288173536645,34.90352518695898,20.703176089114876,20.72326583794641,0.11841884237733483,POSA,2021-10-13,2.302585092994046,1.0986122886681098,1.9459101490553132,1,1,1,2021,10
0.01384373182065024,0.0059522501593317605,0.005467028528813547,0.0011553323464887693,POLYGON,5.545177444479562,3.367295829986474,25.55249249859601,26.088654219663912,15.206827046866664,0.0036852012967366235,POS,2021-10-13,1.791759469228055,1.6094379124341003,0.0,1,1,1,2021,10
4.999998750000416e-07,9.999999500000032e-08,1.1999999280000058e-07,0.012916225266546327,ETH,5.062595033026967,4.574710978503383,55.3028698175032,57.38231123730487,17.6867115897055,4.999998750000416e-07,POS,2021-10-15,2.1972245773362196,8.019941687677365,2.0794415416798357,1,1,1,2021,10
0.6830968447064438,0.27231459532065916,0.1480751180653634,0.019410393519823325,ETH,10.940348543259887,7.569927655242652,32.40112649596935,37.18019249118934,20.72326583794641,0.6729444732424258,POS,2021-10-19,1.0986122886681098,6.018593214496234,1.791759469228055,0,1,1,2021,10
0.0003411418045171562,0.00033994221309799344,0.000477386033153003,0.0004733879342490266,ETH,2.1972245773362196,1.9459101490553132,66.49170782753787,66.75417779330434,34.538776394910684,0.00019228151272503068,POS,2021-10-19,1.0986122886681098,0.0,1.9459101490553132,1,1,1,2021,10
3.499999387500143e-07,5.499999848750006e-08,9.999999950000001e-09,8.299999965555e-09,BSC,12.315662206158029,10.675838627525664,57.01277454268811,65.94130997806276,34.538776394910684,4.59999998942e-09,POSA,2021-10-20,3.9512437185814275,4.6443908991413725,5.135798437050262,0,1,1,2021,10
0.00026416510532598,0.0002626655003968982,0.0002485691041403678,0.00024706947582324586,POLYGON,2.6390573296152584,1.9459101490553132,28.135540009482096,28.750464758219263,15.201805169084134,0.00026576468143831055,POS,2021-10-22,5.8377304471659395,0.6931471805599453,2.8903717578961645,1,1,1,2021,10
2.9816333491744893,2.190535589185423,1.264126727145683,1.57069708411767,BSC,12.708969922854033,9.31721973360328,25.2614142415503,33.19890656479622,17.50439003707821,2.9816333491744893,POSA,2021-10-23,3.7612001156935624,5.272999558563747,3.9889840465642745,0,1,1,2021,10
0.0005398542524667516,0.0006497888414970632,0.0006397952873394118,0.0005298595996059488,ETH,3.6635616461296463,3.4965075614664802,36.44882259455566,36.75811761744773,20.72326583794641,0.0005398542524667516,POS,2021-10-24,1.0986122886681098,1.9459101490553132,0.0,1,1,1,2021,10
0.0019530914745400254,0.000551747759206887,0.00041571357913503394,0.00028375973639769344,BSC,12.126461094895081,9.62733871589802,34.42243510379734,41.04538887588094,23.025850930040455,3.9889840465642745,POSA,2021-10-24,5.056245805348308,1.791759469228055,7.048386408721883,1,1,1,2021,10
0.21382022385332564,0.12407431510192668,0.06297479916138844,0.05107327018400062,BSC,9.263122557415151,7.444833273892193,29.072403071346532,34.83102706678568,18.420680753952364,0.21382022385332564,POSA,2021-10-27,1.0986122886681098,0.6931471805599453,2.772588722239781,1,1,1,2021,10
3.59899999935236e-10,1.4549999998941484e-10,1.2689999999919483e-11,5.972999999982161e-12,ETH,2.302585092994046,2.0794415416798357,65.76803687272313,65.75386706607321,34.538776394910684,2.482999999691736e-10,POS,2021-10-31,5.3612921657094255,0.0,3.044522437723423,1,1,1,2021,10
0.13076506987955253,0.014583147124743087,0.008923070728844516,0.006646860596776999,BSC,8.537387898701757,7.007600613951853,13.33720964979094,19.44875182745642,10.308985993422082,0.13076506987955253,POSA,2021-11-01,4.990432586778736,2.302585092994046,3.258096538021482,1,1,1,2021,11
4.409990275978589e-06,1.4916198887534998e-07,7.24899737260122e-07,6.177998091616587e-07,BSC,7.415776975415394,6.523562306149512,38.13982724424582,42.10109235695575,23.025850930040455,3.906999236767749e-07,POSA,2021-11-02,2.3978952727983707,2.0794415416798357,3.2188758248682006,1,1,1,2021,11
2.1369999997716617e-10,5.99899999982006e-11,5.855999999828536e-11,9.49599999954913e-11,BSC,11.818481836098812,9.881753060390121,62.504620842104146,69.83390079197763,36.61821793659052,5.5039999984853e-10,POSA,2021-11-02,5.730099782973574,1.3862943611198906,0.0,1,1,1,2021,11
0.5963520988342449,0.01467972368292817,0.02301823599415783,0.013508350024792243,BSC,7.466799475018602,6.508769136971682,63.74114630344134,68.68065454648081,23.025850930040455,0.00391344248509448,POSA,2021-11-03,7.280008252884188,5.545177444479562,5.075173815233827,1,1,1,2021,11
1.275362800412609,0.23901690047049992,0.15700374880966478,0.055434706888100586,ETH,12.505595587373108,9.827254246536539,28.812687602217828,35.44453799852704,20.72326583794641,0.4700036292457356,POS,2021-11-03,1.3862943611198906,0.0,2.3978952727983707,0,1,1,2021,11
3.6856241613932634,2.567254391136754,1.3164082336557241,0.4064646084412479,BSC,11.932582719779225,7.063903961472068,23.512195342889722,28.43172162290742,15.687312888712007,3.5380565643793527,POSA,2021-11-03,2.3978952727983707,4.04305126783455,2.6390573296152584,1,1,1,2021,11
8.790999613591617e-08,1.8069999983673755e-09,1.745999998475742e-09,6.789999997694796e-10,BSC,12.710477701493241,10.417687476941069,28.869335586741375,30.593611166779784,34.538776394910684,5.952999822808962e-08,POSA,2021-11-06,6.878326468291325,2.302585092994046,3.091042453358316,1,1,1,2021,11
4.441827387791918,3.035914063186823,3.184284380098582,3.784189633918261,ETH,13.917457754871954,11.095377654119083,24.488191468314746,33.298759379750074,18.420680753952364,3.306520334720247,POS,2021-11-09,5.298317366548036,1.791759469228055,7.8826922062890254,0,1,1,2021,11
0.3852624007906449,0.028587456851912555,0.014888612493750654,0.023716526617316044,ETH,10.321045908331676,7.697575346802343,30.28083144921406,34.16616877719196,20.718838360359925,0.28216689176367077,POS,2021-11-10,5.303304908059076,2.3978952727983707,4.61512051684126,0,1,1,2021,11
7.54071568088858e-05,4.9578770952423956e-05,1.576987565485728e-05,4.699988955034607e-06,POLYGON,8.979668554241181,3.367295829986474,27.626308563315316,30.126873515197207,15.557328975988908,6.900761891949494e-05,POS,2021-11-10,2.0794415416798357,1.0986122886681098,4.382026634673881,1,1,1,2021,11
5.499984875055458e-06,8.899960395234987e-06,1.1999928000575994e-05,0.6164281101465402,BSC,4.736198448394496,0.6931471805599453,1.8277014575504936e-07,0.0006044166128637631,0.0006038176654163648,0.13906604812299744,POSA,2021-11-11,1.3862943611198906,8.796490207333578,0.0,1,1,1,2021,11
4.281791848878036,3.0392705755684744,2.884800712846709,3.385067999732272,ETH,13.821394215256541,11.093599740798876,24.4966829915825,33.430396121545634,18.420680753952364,4.152456225279317,POS,2021-11-12,4.174387269895637,1.791759469228055,7.783640596221253,0,1,1,2021,11
0.0007297336796013791,0.0002699635565596717,3.9999200021332696e-05,7.099747961929732e-05,ETH,11.306134970568788,9.516721521860449,44.511124933246,51.723934766595455,27.63102111592955,0.0007297336796013791,POS,2021-11-13,5.267858159063328,2.5649493574615367,8.657129031713755,0,1,1,2021,11
0.0012632018245250678,7.969682412374377e-05,0.00018958202819160068,6.812767925695755e-05,BSC,5.69035945432406,4.48863636973214,7.6486764140101835,9.878512854511014,6.398594934535208,0.0012632018245250678,POSA,2021-11-14,4.6913478822291435,3.6635616461296463,3.4965075614664802,1,1,1,2021,11
6.939975918311417e-06,1.939998118202434e-06,1.4099990059509346e-06,5.683998384607812e-07,ETH,9.677464860471074,7.8013913202914855,18.88213786264958,52.01502498581857,27.63102111592955,6.939975918311417e-06,POS,2021-11-16,1.3862943611198906,0.6931471805599453,2.9444389791664403,1,1,1,2021,11
1.5454325824581878,1.2178757094949273,0.9122827104766162,0.9631743177730056,ETH,12.148162772945225,9.53575166123797,23.307121958959865,30.538792518457992,17.68456800224057,1.5454325824581878,POS,2021-11-21,1.791759469228055,1.0986122886681098,4.3694478524670215,0,1,1,2021,11
0.8131499729546416,0.5721088521828892,0.11692044150677625,0.03891297349859843,POLYGON,7.99799931797973,5.43372200355424,31.92844542225613,35.497872165999205,19.11382792951231,0.0037748662189824897,POS,2021-11-22,5.6240175061873385,1.9459101490553132,4.418840607796598,1,1,1,2021,11
0.08525984395082342,4.216562194946349,3.456316680883235,0.06859279146561172,ETH,10.925902508368672,7.842278779117352,26.938151431628533,32.16440630534437,18.420680753952364,0.08525984395082342,POS,2021-11-22,1.0986122886681098,2.0794415416798357,0.0,0,1,1,2021,11
8.548634593820567e-05,1.6149869590154076e-05,6.539978614293242e-06,4.399990320028395e-06,ETH,8.89521858376562,7.155396301896734,45.78003007093834,51.319769442062125,26.765162057355457,3.6379338263849255e-05,POS,2021-11-22,0.0,4.59511985013459,0.0,1,1,1,2021,11
3.6375861597263857,2.8678989020441064,2.096790180014449,0.6780335427498971,BSC,11.705914916888698,8.514990767861038,12.816876772287275,17.880933275051095,12.505008514548527,3.332204510175204,POSA,2021-11-22,8.092851027538384,8.398634855292102,1.791759469228055,0,1,1,2021,11
0.09893994785490356,0.00905884448834604,0.014593002302900148,0.0246926125903715,BSC,12.044688366191021,8.288534459413917,24.960836612563437,30.073401247370587,18.53816457262858,0.03343477608623739,POSA,2021-11-23,4.30406509320417,2.1972245773362196,2.3978952727983707,0,1,1,2021,11
0.0044152384734097196,0.0010998649267588314,0.0005051323991454626,0.00044096276162911994,BSC,9.057771773331575,7.622663951323595,42.596205939101004,49.33132164127307,25.3284360229445,0.0044152384734097196,POSA,2021-11-23,1.9459101490553132,1.0986122886681098,4.219507705176107,1,1,1,2021,11
2.194999882314108,0.408792898200839,0.3435897043900769,0.6941466808930289,ETH,12.003534095602372,9.380926672551716,28.266003230305973,34.53720954327375,20.030118658386467,1.8718021769015913,POS,2021-11-24,5.5093883366279774,2.0794415416798357,6.448889394146858,0,1,1,2021,11
1.4599989342010373e-06,7.996996802401255e-07,2.361999721047844e-07,1.7279999850700805e-08,FANTOM,4.248495242049359,2.1972245773362196,7.367828060124802,7.646654506263951,5.303304908059076,7.196999741015968e-08,POS(Lachesis),2021-11-25,0.0,2.3978952727983707,0.0,1,1,1,2021,11
1.9599980792025097e-06,5.499998487500555e-07,4.399999032000284e-07,4.4999989875003034e-07,ETH,3.1780538303479458,3.1354942159291497,51.62909601561753,52.073036563238034,27.63102111592955,1.9599980792025097e-06,POS,2021-11-25,2.302585092994046,0.6931471805599453,1.3862943611198906,1,1,1,2021,11
0.18813794211539445,0.018821754240587758,0.006379606964039027,0.004788516731797178,POLYGON,12.294651127302764,9.405907155520158,29.56881749431848,35.29719788943734,20.72326583794641,0.1484200051182733,POS,2021-11-26,1.791759469228055,0.0,5.247024072160486,0,1,1,2021,11
4.099999915950002e-08,3.5999999352000014e-08,3.099999951950001e-08,7.699999703550016e-08,ETH,10.776139827380453,8.202756381655638,53.40875110531457,58.543250280179095,32.13083078625883,4.099999915950002e-08,POS,2021-11-30,5.075173815233827,8.019941687677365,3.8066624897703196,0,1,1,2021,11
3.1499950387604187e-06,1.0499994487503857e-06,1.0799999416800041e-07,2.07999978368003e-07,BSC,13.481936716933529,10.848015825821523,52.83150888590517,61.85342470152538,31.12142696328642,6.299999801550008e-08,POSA,2021-11-30,1.791759469228055,1.6094379124341003,1.9459101490553132,1,1,1,2021,11
4.0699917175724735e-06,8.269996580356885e-07,6.299998015500833e-07,7.499997187501407e-07,ETH,8.297045149081827,6.774223886357614,39.25080224988332,23.0119429578204,23.025850930040455,4.0699917175724735e-06,POS,2021-12-01,2.3978952727983707,3.4965075614664802,2.9444389791664403,1,1,1,2021,12
1.1377399999993527e-12,7.124419999999746e-14,3.2512899999999476e-14,4.992329999999875e-14,BSC,11.923862242819915,8.858084222199162,68.82905488690349,74.36740438809451,40.91448986884878,2.009719999999798e-13,POSA,2021-12-01,4.382026634673881,1.791759469228055,3.5553480614894135,1,1,1,2021,12
0.58828653994377,0.2929680768810183,0.18822078872494433,0.400586560657057,BSC,12.782635446758125,9.362374527831681,36.23306794807288,44.74094188681596,22.875028040322153,0.58828653994377,POSA,2021-12-02,4.248495242049359,6.82001636467413,2.5649493574615367,1,1,1,2021,12
3.5553480614894135,2.5952547069568657,1.9139771019523042,1.0986122886681098,ETH,11.78058338559108,8.814033201652784,32.30628340597169,39.98094397814169,20.72326583794641,2.312535423847214,POS,2021-12-04,6.902742737158593,1.9459101490553132,6.082218910376446,0,1,1,2021,12
0.003469972675282096,0.0007758989125726338,0.0007188016002207439,0.00022307511689587822,ETH,6.169610732491456,4.465908118654584,20.594277302101258,22.932250113056334,12.737389273367938,0.0033325409119542935,POS,2021-12-06,4.718498871295094,2.0794415416798357,3.2188758248682006,1,1,1,2021,12
2.7013612129514133,3.1675825304806504,1.6331544390514163,2.2607208888953467,BSC,13.752526028755549,9.5926733160273,24.470213804124537,32.73267169590322,17.216707972959764,1.8314608360796072,POSA,2021-12-06,5.062595033026967,4.7535901911063645,3.8066624897703196,0,1,1,2021,12
0.43178241642553783,0.016857117066422903,0.05164323315183845,0.012916225266546327,ETH,11.865601423615175,9.501292093295586,36.26681677788746,42.977269838252596,23.54464472341515,0.29266961396282,POS,2021-12-08,5.075173815233827,0.6931471805599453,4.804021044733257,0,1,1,2021,12
0.11600367575630613,0.010939940038334362,0.017839918128331,0.046883585898850416,BSC,11.543309169604669,8.260492856573185,23.724647604852954,28.045336756490332,17.97758770665185,0.11600367575630613,POSA,2021-12-10,2.1972245773362196,0.6931471805599453,5.0106352940962555,0,1,1,2021,12
8.93996003843817e-06,3.3299944555623085e-06,8.798996128882222e-07,7.219837393696773e-07,ETH,8.277920258172143,6.369900982828227,24.24570606972576,52.67037711756261,27.63102111592955,9.299995675502681e-07,POS,2021-12-11,0.0,0.6931471805599453,0.0,1,1,1,2021,12
2.8690346205080335,2.1713368063840917,1.4929040961781488,0.4480774989120402,ETH,10.172560035738737,5.855071922202427,28.516175085058787,32.10245485496692,17.74414253034078,1.916922612182061,POS,2021-12-12,1.0986122886681098,0.6931471805599453,1.6094379124341003,1,1,1,2021,12
5.834999999829763e-11,4.802999999884656e-11,3.694999999317349e-10,2.940189999567764e-10,ETH,9.576579433583511,6.774223886357614,70.44399576309287,75.03618156967627,39.14394658089878,1.5559999999878943e-11,POS,2021-12-17,5.846438775057725,0.0,2.1972245773362196,1,1,1,2021,12
0.016463726030665083,0.004489905272852052,0.006975613736425242,0.004489905272852052,BSC,9.412627941411015,6.682108597449809,37.743714176419815,42.275355590956636,22.85149754291473,0.0035237841736164613,POSA,2021-12-17,2.0794415416798357,2.3978952727983707,2.1972245773362196,1,1,1,2021,12
3.3449994405488746e-07,3.7819999284823815e-08,2.2661699743223678e-08,2.102509977897259e-08,BSC,11.614579118696728,8.413830678421084,30.234558265537743,37.09984520340101,19.519293035953808,6.763899997712482e-10,POSA,2021-12-18,5.3981627015177525,0.0,5.583496308781699,1,1,1,2021,12
1.547562508716013,0.3378997886123984,0.2151113796169455,0.3293037471426004,POLYGON,14.883854686189123,11.560762794384388,25.7076391565339,34.53769884081748,19.519293035953808,1.43746264769429,POS,2021-12-19,6.049733455231958,1.791759469228055,6.135564891081739,0,1,1,2021,12
1.9424756866066786,0.8586616190375187,0.2062008305838978,0.11707167158583756,BSC,6.395261598115449,5.631211781821365,30.028915564885807,33.2233033638544,18.420680753952364,1.1993621917682529,POSA,2021-12-20,0.0,5.666426688112432,3.367295829986474,1,1,1,2021,12
0.11600367575630613,0.013902905168991422,0.012916225266546327,0.006379606964039027,BSC,12.47285789226897,9.529811766917371,29.55913129232405,36.05592577697824,20.72326583794641,0.11243542932978817,POSA,2021-12-21,5.056245805348308,1.3862943611198906,4.189654742026425,0,1,1,2021,12
0.15700374880966478,0.03149866705937099,0.0246926125903715,0.017839918128331,ETH,10.413492839918217,8.22282213081366,33.11774668101246,38.760688469887214,21.416413018006356,0.15700374880966478,POS,2021-12-24,1.9459101490553132,0.6931471805599453,5.683579767338681,0,1,1,2021,12
0.8020015854720274,0.01810510889535339,0.02168321083114198,0.6580897887445428,BSC,1.9459101490553132,8.443761913330354,23.379679608243816,30.569099307223585,16.118095750958314,1.791759469228055,POSA,2021-12-25,6.476972362889683,0.0,1.791759469228055,1,1,1,2021,12
9.04995904899707e-06,5.099998699500442e-07,2.499999687500052e-07,1.9999998000000264e-07,ETH,13.629939727995112,12.124141071738356,49.83769978282607,57.72211267837023,32.23619130191665,9.04995904899707e-06,POS,2021-12-25,5.857933154483459,0.6931471805599453,5.942799375126701,0,1,1,2021,12
0.187972228302769,0.026544555222112284,0.02348212414720344,0.04802796901058155,ETH,11.01912082553854,8.309184527686298,33.20244813073467,37.92915030442898,22.536591084252137,0.187972228302769,POS,2021-12-28,3.4657359027997265,9.488047863280759,2.0794415416798357,1,1,1,2021,12
0.18979357163265562,0.002995508979798479,0.007968169649176874,0.011928570865273802,ETH,12.94719537283457,10.469539725292242,33.264719605705785,39.63828684183548,23.663430298259023,0.10165365372649983,POS,2021-12-29,5.14166355650266,3.7376696182833684,7.1785454837637,0,1,1,2021,12
0.0002883584207141186,0.00011849297942961958,0.00018388309246783168,4.979876002116712e-05,ETH,3.9318256327243257,3.828641396489095,37.62638254185118,20.716671828289986,20.72326583794641,0.0002846594806453911,POS,2021-12-30,6.198478716492308,0.6931471805599453,6.008813185442595,1,1,1,2021,12
7.499999999999997e-16,1.8999999999999998e-16,8.599999996302e-10,1.6359999998661752e-10,ETH,3.6635616461296463,3.4339872044851463,98.5562456970272,98.70360994319503,52.58839345747222,5.2e-17,POS,2022-01-01,1.0986122886681098,5.056245805348308,1.3862943611198906,1,1,1,2022,1
0.04783732941416013,0.011928570865273802,0.0026963615477426086,0.002097798082146129,BSC,13.442542165211174,9.786616600804713,34.27031127331129,41.19144474324484,23.025850930040455,0.04783732941416013,POSA,2022-01-02,1.9459101490553132,1.0986122886681098,5.53338948872752,0,1,1,2022,1
5.979012339168742,5.992214265998528,6.085182550981734,6.141822328696539,BSC,11.376154545024425,8.4368504387337,40.48982365753831,46.79376998212012,25.3284360229445,5.965890295988552,POSA,2022-01-03,1.3862943611198906,1.791759469228055,1.3862943611198906,1,1,1,2022,1
1.77999841580188e-06,7.599999711200014e-08,7.299999733550014e-08,6.999999755000011e-08,ETH,3.5263605246161616,3.367295829986474,45.79956084555221,46.38113572050908,25.3284360229445,1.77999841580188e-06,POS,2022-01-03,4.912654885736052,4.727387818712341,7.076653815443951,1,1,1,2022,1
0.126632650933366,0.06765864847381481,0.0295588022415444,0.012916225266546327,ETH,11.187638439987316,8.894807371368625,35.15223500852262,41.50978471533906,22.75275513422985,0.126632650933366,POS,2022-01-04,2.3978952727983707,0.0,6.345636360828596,0,1,1,2022,1
0.0025966258472659783,0.00029995500899797546,0.00029995500899797546,0.00029995500899797546,BSC,8.511376306094673,6.082218910376446,24.508665959161796,27.77966639345331,16.118095750958314,0.0025966258472659783,POSA,2022-01-04,0.0,5.3230099791384085,0.6931471805599453,1,1,1,2022,1
0.7219775622278223,0.053199476467577445,0.022778586889339578,0.03713199483760627,ETH,5.3471075307174685,3.6888794541139363,17.894036876297637,10.77985854772802,10.819798284210286,0.7219775622278223,POS,2022-01-06,0.6931471805599453,9.62911649414402,0.0,1,1,1,2022,1
2.0930978681273213,0.33325277399423986,0.15529288440603534,0.07325046173959267,ETH,14.930775419673926,11.219868976180992,28.532118917098387,37.227993552538585,20.72326583794641,1.6351056591826783,POS,2022-01-14,5.1647859739235145,4.189654742026425,7.048386408721883,0,1,1,2022,1
2.578700529074361,0.4081282255276481,0.4382549309311553,0.5128236264286639,ETH,16.06574611473318,10.190056505700436,20.703130691428175,27.890620878117442,16.47549447345274,2.578700529074361,POS,2022-01-16,7.555381944240273,4.07753744390572,4.553876891600541,0,1,1,2022,1
5.097791105099236,2.468946630209271,3.1161784266298582,3.068052935133617,ETH,12.99451182391097,9.00146947994869,24.439817380375565,32.30770312463008,16.901233180218124,5.097791105099236,POS,2022-01-17,4.532599493153256,0.6931471805599453,5.7430031878094825,0,1,1,2022,1
0.010513835420979247,0.004583181161445935,0.001153334653823797,0.0004146440232841442,BSC,6.091309882077698,5.808142489980444,34.463417759058714,38.07895779633836,20.72326583794641,0.009492800459524227,POSA,2022-01-18,1.0986122886681098,4.634728988229636,0.6931471805599453,1,1,1,2022,1
2.8207834710894493,2.4073954573463907,2.2752138961979136,2.272125885509337,BSC,11.818422897292011,8.161375023197486,33.39704853754982,39.302811502873304,21.82943661093952,2.8207834710894493,POSA,2022-01-19,0.0,1.3862943611198906,1.6094379124341003,1,1,1,2022,1
8.404472321352118,7.80057265467065,6.593044534142437,6.0473721790462776,BSC,14.455301792015844,10.120613031524774,10.550020165818344,17.67660455081924,11.289794413577894,5.247024072160486,POSA,2022-01-21,2.1972245773362196,2.302585092994046,4.174387269895637,0,1,1,2022,1
0.014317020594792987,0.00118629607248624,0.0015827467952097191,0.0004827834413176155,ETH,8.857799727175905,6.914730892718563,35.19065544287008,21.052130296078058,21.12873094572124,0.00020051989454212077,POS,2022-01-22,0.0,0.6931471805599453,0.0,1,1,1,2022,1
2.157559320943788,0.1397619423751587,9.099958595251188e-06,7.999996800001706e-07,BSC,13.343761406180077,10.156306404160087,0.009492072556548823,0.048115683597113205,32.7466168456619,3.8066624897703196,POSA,2022-01-27,5.003946305945459,2.1972245773362196,3.871201010907891,1,1,1,2022,1
0.1397619423751587,0.03536714383729131,0.05164323315183845,0.023716526617316044,ETH,10.905772477577145,8.798152718107191,32.23914358489903,38.096710310888305,21.403428425374848,0.12221763272424921,POS,2022-01-28,3.6635616461296463,0.0,4.143134726391533,0,1,1,2022,1
0.04941530206334873,0.007581190020313174,0.0029800651915507744,0.0008242202371602702,ETH,11.983410228452323,8.962391701743002,40.497723532601,47.43526423204606,25.312317683808537,0.0024609693293607504,POS,2022-01-29,4.3694478524670215,1.791759469228055,5.209486152841421,1,1,1,2022,1
0.02009670169912241,0.006776984279023751,0.011167411691896764,0.00608147031586796,ETH,10.257273326840833,7.912056888179006,29.758713498806486,33.69240903570017,20.72326583794641,0.014001519635813609,POS,2022-01-29,1.9459101490553132,2.1972245773362196,4.844187086458591,0,1,1,2022,1
4.30406509320417,2.081938421878423,1.7263316639055997,1.5953389880545987,ETH,11.102789465212165,6.396929655216146,17.95685208206767,21.49245218821314,13.074614552638588,4.30406509320417,POS,2022-01-29,2.1972245773362196,0.0,4.477336814478207,0,1,1,2022,1
0.06555175764004936,0.029176204788627515,0.021975363234236243,0.022543964434894505,BSC,7.9294865233142895,7.029972911706386,75.8639746856685,79.2294497355294,20.72326583794641,0.04113234635614163,POSA,2022-01-30,1.3862943611198906,7.544861068658458,0.0,1,1,1,2022,1
0.18232155679395465,0.017839918128331,0.014888612493750654,0.0295588022415444,ETH,10.496538116557788,9.060563446657955,30.494102313021372,37.396007375747466,20.336405192742216,0.07881118042428978,POS,2022-01-31,1.0986122886681098,0.6931471805599453,2.3978952727983707,0,1,1,2022,1
2.8914822521801917,2.8763855159214247,3.056827372913802,3.1548704948922883,BSC,13.743183921366798,12.17979540307682,28.54323270172493,37.44865372003142,20.72326583794641,1.4562867329399256,POSA,2022-02-03,2.3978952727983707,2.3978952727983707,4.30406509320417,0,1,1,2022,2
5.337538079701318,5.356586274672012,4.2626798770413155,3.2188758248682006,BSC,12.52645542393093,11.931504212223777,23.924926762614454,34.33295888494867,17.936725321053054,1.0986122886681098,POSA,2022-02-03,5.780743515792329,0.0,1.6094379124341003,1,1,1,2022,2
0.688134638736401,0.2468600779315258,0.5596157879354227,0.7793248768009976,ETH,9.780698256443507,7.421775793644647,28.075950106007475,32.998359875017414,18.4164628410925,0.688134638736401,POS,2022-02-06,9.02653771890043,0.0,0.6931471805599453,0,1,1,2022,2
2.2939997368782404e-07,5.36699985597656e-08,1.0939999940158202e-08,1.5849998743887633e-07,BSC,10.679941339222484,7.954021087278037,51.0837026152999,56.701605814666,29.933606208922694,8.246999659934974e-08,POSA,2022-02-10,1.791759469228055,1.0986122886681098,1.3862943611198906,1,1,1,2022,2
1.0649999432887539e-07,5.20699986443576e-08,12.013512856443409,11.93324634431038,ETH,8.377011160816375,5.8289456176102075,18.54040898183452,2.771640769450664,27.63102111592955,1.0649999432887539e-07,POS,2022-02-14,1.0986122886681098,0.6931471805599453,0.6931471805599453,1,1,1,2022,2
0.008364916331627708,0.008067371077758796,0.007769737264360664,0.007571265496318075,ETH,6.6240652277998935,5.666426688112432,33.350750404489396,19.506887525977415,19.519293035953808,0.008364916331627708,POS,2022-02-16,1.3862943611198906,1.3862943611198906,4.442651256490317,1,1,1,2022,2
0.07138999608667293,0.00905884448834604,0.0026963615477426086,0.0010993954433009636,BSC,15.069328683870928,11.351406035805537,38.335342990882054,47.89478934128757,25.3284360229445,0.0657877405380031,POSA,2022-02-16,6.643789733147672,3.258096538021482,4.394449154672439,0,1,1,2022,2
6.4499791988394454e-06,0.0005598432585140913,0.0015980224816636722,7.079974936918297e-06,BSC,11.631641398675212,9.14120463314132,58.73410465381787,65.96652892126977,34.53820592566459,3.4299941175634513e-06,POSA,2022-02-17,0.0,2.1972245773362196,2.3978952727983707,1,1,1,2022,2
1.2724099991904865e-09,0.3940468336861773,2.924099999572482e-10,3.604699999350307e-10,ETH,4.983606621708336,4.844187086458591,63.203757908964064,66.29048385817396,34.538776394910684,6.803299997685755e-10,POS,2022-02-20,0.0,1.3862943611198906,0.0,1,1,1,2022,2
0.20538682972495073,0.05448818528406973,0.038258712117090345,0.04783732941416013,ETH,12.587835733582468,8.944680683558895,35.40163311782397,41.38560946660975,23.12433787674573,0.10255658832509207,POS,2022-02-23,5.963579343618446,1.9459101490553132,4.3694478524670215,0,1,1,2022,2
0.09531017980432487,0.008464078412129412,0.004191204618468071,0.009950330853168083,BSC,11.84734559746531,8.461891875631148,31.849036688232626,38.472970510330015,20.62703011885231,0.08617769624105233,POSA,2022-02-24,1.0986122886681098,7.749753406274437,5.916202062607435,0,1,1,2022,2
2.5289235352047745,1.5933085305042167,1.1151415906193203,1.3056264580524357,BSC,10.74019380506744,8.718500048121273,25.832174223353565,33.15155949438282,17.50439003707821,1.6034198401085376,POSA,2022-02-25,7.669028288589683,8.560444233410552,6.09807428216624,0,1,1,2022,2
5.790968836335117,3.984529696214894,2.0881534822818573,1.6974487897568136,BSC,12.577532748335653,9.54824016058858,13.281441600856214,22.108256486477636,11.51293546492023,3.507057772361633,POSA,2022-02-26,1.6094379124341003,1.791759469228055,6.148468295917647,1,1,1,2022,2
1.0999999395000045e-07,2.6999999635500008e-08,9.699999995295499e-10,5.199999864800005e-08,ETH,3.367295829986474,2.772588722239781,37.347161484171146,37.7287002500033,20.72326583794641,1.7999999838e-08,POS,2022-02-28,4.1588830833596715,4.605170185988092,3.8501476017100584,1,1,1,2022,2
2.152924318439639,2.315501318260592,2.1564025828159643,1.9110228900548727,BSC,12.56071101706243,9.294957217696062,23.753871664676268,32.34519965024142,2.599966200585855e-05,18.315462540389916,POSA,2022-03-04,0.6931471805599453,0.0,8.125926802707886,1,1,1,2022,3
1.6839886436983966,1.6839886436983966,1.6839886436983966,1.6839886436983966,BSC,12.304740817326875,8.11552088154677,9.606818604430742,16.0664535360847,9.210440366976517,1.6839886436983966,POSA,2022-03-07,0.0,0.0,1.0986122886681098,1,1,1,2022,3
1.5748464676644813,0.48230268483275246,0.2781444839087855,0.3359006447222553,BSC,10.80992994835547,8.370084326378025,33.09044410859711,39.74523525151457,20.979650893716617,0.1272826598960772,POSA,2022-03-09,7.259116128097101,6.863803391452954,3.6109179126442243,1,1,1,2022,3
9.116969995844042e-10,1.4935999988845795e-09,1.2867699991721116e-09,1.1419399993479868e-09,BSC,9.340403256274351,7.247080584585756,52.755474179851824,56.18091220907708,29.982274962872342,9.116969995844042e-10,POSA,2022-03-10,0.6931471805599453,0.6931471805599453,1.0986122886681098,1,1,1,2022,3
0.3220834991691133,0.49469624183610705,0.1988508587451652,0.12221763272424921,BSC,13.838719143101155,11.56109638983152,21.757239087277792,29.44503411006954,18.420680753952364,0.2151113796169455,POSA,2022-03-10,1.3862943611198906,5.560681631015528,2.302585092994046,0,1,1,2022,3
6.519978744892389e-06,1.139999350200494e-06,4.5999989420003247e-07,2.799999608000073e-07,ETH,6.248042874508429,5.267858159063328,37.72579969362359,39.750083593992386,22.620285816981973,5.69998375506173e-06,POS,2022-03-10,0.0,0.0,0.0,1,1,1,2022,3
0.009686583203527246,0.010205654690906308,0.010244990407074512,9.386559448724483e-05,BSC,7.623153068476902,7.091742115095153,32.671912257388406,38.84950408853989,20.030118658386467,0.00927793652993142,POSA,2022-03-11,1.6094379124341003,6.054439346269371,0.0,1,1,1,2022,3
2.620999999996565e-12,8.475139999996408e-13,4.464589999999003e-13,4.0347299999991863e-13,BSC,9.802616942151154,7.92588031673756,69.59045286006543,75.7024015228482,39.14394658089878,2.620999999996565e-12,POSA,2022-03-12,1.6094379124341003,0.0,0.0,1,1,1,2022,3
1.864080130807681,0.6472602977874691,0.39756733598102384,0.3171437826013999,ETH,10.26339725898479,7.323830566202317,29.381652988389355,33.96905228354547,19.162618093443648,1.2892326482767593,POS,2022-03-15,3.828641396489095,0.0,1.0986122886681098,0,1,1,2022,3
0.06932081770671107,0.01215581777001268,0.0463299975826062,0.01714222882724803,FANTOM,11.421993685964523,6.152732694704104,19.48821454443298,23.65972457872958,13.14259275964727,0.06932081770671107,DAG,2022-03-15,0.6931471805599453,1.3862943611198906,5.638354669333745,1,1,1,2022,3
0.050693114315518116,0.017839918128331,0.038258712117090345,0.03343477608623739,BSC,13.818502078900227,10.974985548712667,22.271956961312362,29.89764432845985,17.952722070039464,0.04018178963283184,POSA,2022-03-18,1.791759469228055,9.401043372798053,5.517452896464707,0,1,1,2022,3
3.32862668882732,1.9823798288367047,1.102272249499597,1.2258321386788296,ETH,15.40108068754241,12.050161249885493,26.6155354001924,35.98275661748625,20.72326583794641,2.511223958105374,POS,2022-03-20,6.152732694704104,1.3862943611198906,7.544861068658458,0,1,1,2022,3
4.399999032000284e-07,1.0699999427550041e-07,5.999999820000006e-08,6.69999977555001e-08,ETH,11.964586899968099,9.463042725531936,57.925331352998434,64.35265775889525,34.538776394910684,1.3999999020000092e-07,POS,2022-03-23,0.6931471805599453,0.0,2.3978952727983707,0,1,1,2022,3
2.066862759472976,1.0260415958332743,0.8109302162163288,0.7060634058264916,ETH,3.258096538021482,9.757825740104776,25.741761270964467,32.63988888265178,18.826145858727198,1.6770965609079151,POS,2022-03-25,4.07753744390572,4.248495242049359,4.844187086458591,0,1,1,2022,3
0.1873090983049937,0.13102826240640408,0.07417939817425151,0.032467190137501496,ETH,12.346273621950562,9.935906338791629,37.66627680485284,44.44609624973357,24.955806939519395,0.0657877405380031,POS,2022-03-25,0.0,0.0,1.6094379124341003,0,1,1,2022,3
2.33214389523559,1.000631880307906,0.8064758658669484,0.8796267475025635,ETH,12.611384408548247,9.861727618287896,25.59924254710499,32.50927965490753,18.826145858727198,1.6770965609079151,POS,2022-03-25,4.07753744390572,4.7535901911063645,5.313205979041787,0,1,1,2022,3
0.038258712117090345,0.004987541511039074,0.09621885774054292,0.05732506661926941,BSC,11.804093952806781,8.905444318789714,32.569505699226134,39.33534204098623,21.31105250240403,0.0246926125903715,POSA,2022-03-29,4.382026634673881,1.0986122886681098,2.1972245773362196,0,1,1,2022,3
5.240998626596429e-07,8.579999631918021e-08,8.599999630200021e-08,9.099999585950024e-08,BSC,9.842462850698354,7.103322062526113,46.37186942422652,50.644938916923365,27.63102111592955,5.240998626596429e-07,POSA,2022-03-30,1.0986122886681098,0.0,3.4657359027997265,1,1,1,2022,3
0.9985709344878833,0.1994244646936169,0.06798569779109441,0.03934570534143227,CRONO,16.4700147537914,10.321737255003711,29.06749515159176,36.25784575289613,20.71880906404164,0.8945766789674011,POA,2022-04-01,5.0369526024136295,7.7102051944325325,3.091042453358316,1,1,1,2022,4
0.9977232425546931,0.45850021798730606,0.20367526811881148,0.07138068505636082,BSC,8.992433087457218,8.52456594574565,41.270932692686806,48.93539695409852,25.3284360229445,0.8945766789674011,POSA,2022-04-01,7.635786861395585,7.754052639035757,5.846438775057725,1,1,1,2022,4
0.1798184265758361,0.00905884448834604,0.0925791812930932,0.06859279146561172,ETH,11.174413148801122,8.085794701281568,31.152404642574947,36.307559690326194,20.72326583794641,0.17730901497041035,POS,2022-04-03,1.3862943611198906,1.3862943611198906,4.110873864173311,0,1,1,2022,4
0.3220834991691133,0.08434114843375087,0.019802627296179712,0.009950330853168083,ETH,10.413432788874811,8.098946748943339,5.170314447272552,9.88227384680355,9.210440366976517,0.26926348692776286,POS,2022-04-04,0.0,1.6094379124341003,1.0986122886681098,1,1,1,2022,4
1.715598108262491,1.4987297904496788,1.052568350166703,0.6932871707608599,BSC,13.202908727962532,9.21512888870798,15.923613588619522,23.07412563083585,14.346138220790978,1.715598108262491,POSA,2022-04-10,4.343805421853684,2.302585092994046,3.970291913552122,1,1,1,2022,4
0.5433005583071925,0.8475835338643642,1.0202903218926398,1.7929254558680243,BSC,10.900177851478853,10.336827197410273,27.519579583068733,33.8758940539924,20.030118658386467,0.41771642003581827,POSA,2022-04-15,2.302585092994046,4.3694478524670215,2.0794415416798357,1,1,1,2022,4
1.0543120297715298,0.5495654520819213,0.4908473810503259,0.4382549309311553,ARBI,13.368579498039853,12.473390007746753,24.82332797271771,34.86384146223116,18.420680753952364,0.7701082216960736,Fraud Proofs,2022-04-16,2.302585092994046,0.0,3.6635616461296463,0,1,1,2022,4
1.5939872959550015e-05,1.5939872959550015e-05,1.5749875970052314e-05,1.5749875970052314e-05,BSC,4.867534450455582,3.871201010907891,35.04988934465862,35.71804091784001,20.72326583794641,1.5939872959550015e-05,POSA,2022-04-18,0.0,0.0,0.0,1,1,1,2022,4
6.5081698516238635,6.265413373747808,5.551524447076631,5.367231301586255,BSC,13.226130424164664,9.411892497046916,24.264994915197764,0.06206939804045206,16.860033043306743,6.451149496418355,POSA,2022-05-01,8.000014093678072,1.9459101490553132,1.6094379124341003,1,1,1,2022,5
0.017669962625809003,0.0008511976284893305,0.0008097620541944107,0.0006516276445833589,BSC,11.909881136970952,7.6246189861593985,27.587136222800613,32.633199455592,18.420680753952364,0.017669962625809003,POSA,2022-05-02,5.501258210544727,1.791759469228055,5.4680601411351315,1,1,1,2022,5
2.018895041811802,1.7867469274045107,10.289599932128478,10.940082583453712,BSC,10.107040454085334,9.542661146046344,28.020359505409832,34.33651134732987,19.6246535502783,2.018895041811802,POSA,2022-05-04,1.9459101490553132,0.0,0.0,1,1,1,2022,5
1.449269160281279,0.5247285289349821,0.37156355643248307,0.3293037471426004,BSC,13.88971409697991,8.22817689595132,29.077513960580887,34.794337967880054,19.334821379083508,21.416413018006356,POSA,2022-05-09,6.343880434126331,6.159095388491933,1.0986122886681098,1,1,1,2022,5
0.6262592350183136,1.208960345836975,0.7691818668359429,0.8758853172391162,BSC,10.602641655359475,9.041685005946043,22.702573403690977,29.83671578337084,16.113139389951485,0.6448740577016148,POSA,2022-05-10,6.679599185844383,7.83241092718792,5.973809611869261,1,1,1,2022,5
0.0023472430683481376,0.0006917606784006666,0.0004978760391532936,0.0005548460444609156,BSC,11.35097108196844,7.491087593534876,27.223684117990153,32.939452103799404,17.59768212240398,0.0021207496199750126,POSA,2022-05-12,0.0,0.6931471805599453,0.0,1,1,1,2022,5
0.7924946540606439,0.3174350306011287,0.12292534683729822,0.15486471056091533,BSC,11.55976133980726,8.68406264365127,23.089684200577988,30.235137696890135,16.341239282272525,0.18689441863908868,POSA,2022-05-13,3.5263605246161616,0.6931471805599453,1.0986122886681098,1,1,1,2022,5
0.0013324219315146999,0.0013324219315146999,0.00029645605256172907,0.0,BSC,5.75890177387728,3.6888794541139363,36.787285404205456,38.47533251103774,20.72326583794641,0.0013324219315146999,POSA,2022-05-13,0.0,0.0,0.6931471805599453,1,1,1,2022,5
3.2039652121324464,1.9501867058225735,1.415853163361435,1.1908875647772805,ETH,9.97413239210546,7.53955882930103,45.984285090791865,51.26104227898547,27.63102111592955,2.255493485460195,POS,2022-05-17,7.2305631534092925,6.675823221634848,2.3978952727983707,1,1,1,2022,5
9.64510534912921,7.062191632286556,6.484635235635252,6.884486652042782,CRONO,13.378101119503604,7.552237287560802,10.215921322511802,13.924949533410881,10.309019325085503,9.495594499353297,POA,2022-05-19,1.3862943611198906,1.0986122886681098,2.8903717578961645,1,1,1,2022,5
0.03939377510027556,0.006556161329704971,0.0058776924727725315,0.0071047017299316435,BSC,10.558803054787067,7.090076835776092,29.070877349215497,34.43993360053543,18.420680753952364,0.03939377510027556,POSA,2022-05-20,0.6931471805599453,1.791759469228055,1.791759469228055,1,1,1,2022,5
2.0810652227959334,0.2374408560150342,0.18829865828022424,0.1286570322082618,ETH,5.0106352940962555,3.4657359027997265,17.00559555145808,17.64681025890695,11.209740998981218,2.0810652227959334,POS,2022-05-20,0.0,1.3862943611198906,1.6094379124341003,1,1,1,2022,5
0.14919556636185302,0.3143726877048255,0.17563256864315802,0.028587456851912555,BSC,11.555093752830773,7.616283561580385,28.03865042283934,33.340683488997335,18.420680753952364,0.14919556636185302,POSA,2022-05-24,2.3978952727983707,0.0,4.787491742782046,1,1,1,2022,5
1.8799999982328003e-09,2.6099999965939497e-09,2.30999999733195e-09,4.53999999896942e-10,ETH,3.4011973816621555,3.258096538021482,37.67813176498716,39.76113348968676,20.72326583794641,1.8799999982328003e-09,POS,2022-05-30,0.0,0.0,0.0,1,1,1,2022,5
8.735846677457582,9.079776001955066,9.327945614050446,8.97322466309509,BSC,11.727617401794634,7.220373836723949,33.092066646444295,37.87162886699273,20.72329568287102,6.326149473155099,POSA,2022-05-30,1.6094379124341003,7.201170883281678,5.820082930352362,0,1,1,2022,5
0.001199280575482097,0.000499875041651048,1.9999800002666627e-05,0.005584378293900614,ETH,5.726847747587197,4.844187086458591,53.853004752276455,56.206463225351726,29.933606208922694,0.0005998200719676155,POS,2022-05-31,1.3862943611198906,0.0,1.0986122886681098,1,1,1,2022,5
1.1197212518783448,1.3999506875673762,1.6130314479442305,1.766441661243765,ETH,17.921085028071165,14.023783284626528,30.764887595870277,39.74655654333802,22.180708846418266,0.8458682675776092,POS,2022-06-04,5.700443573390687,0.0,9.220389707829185,0,1,1,2022,6
0.00012299243612023177,2.499968750520824e-05,4.299990755026502e-06,5.89998259506846e-06,BSC,8.567315800819449,6.859614903654202,38.297440811325885,43.66347509226573,23.067154484626688,0.00011999280057594817,POSA,2022-06-05,1.6094379124341003,1.6094379124341003,1.6094379124341003,1,1,1,2022,6
0.0009495490355881948,0.0009195770593837001,0.0005498488054354668,0.00044989878036475215,BSC,10.411358816475682,7.413970290190444,71.38652760102958,76.8045596182311,39.8814166048986,0.0008396473974436158,POSA,2022-06-07,4.31748811353631,1.3862943611198906,1.0986122886681098,1,1,1,2022,6
5.945865535789805,5.97238365929519,5.987732592018304,5.992164302222255,BSC,13.291015261828408,8.937087036176523,58.855501561912504,66.9990912425137,34.538776394910684,5.917871826804609,POSA,2022-06-10,8.76732914779405,0.0,0.0,1,1,1,2022,6
6.299801558334506e-05,7.399726213506716e-05,8.699621571948669e-05,9.499548778577131e-05,BSC,12.843278906097781,12.286209194954282,59.998223326949045,69.18091990531981,36.33053586413874,7.999999680000017e-08,POSA,2022-06-13,1.6094379124341003,0.0,4.382026634673881,1,1,1,2022,6
1.4838746894587547,1.6992786164338898,0.7747271675523681,0.7075430608436777,ETH,3.258096538021482,8.458504195067558,26.53930680713755,32.66729052322193,18.14966812994919,0.3987761199573678,POS,2022-06-17,5.953243334287785,1.6094379124341003,7.456454555176209,0,1,1,2022,6
0.4061315526513249,0.4959150110302365,0.26313319953036823,0.2561914053604101,ETH,11.346835460886545,8.22282213081366,28.913964052925326,31.24694131002778,20.72326583794641,0.4061315526513249,POS,2022-06-17,3.4657359027997265,1.9459101490553132,4.7535901911063645,0,1,1,2022,6
0.7006191953986463,0.677469932174642,0.020831509579933065,0.023228516934958844,BSC,8.452761331256848,5.393627546352362,38.167515369097444,40.723259708723184,22.728520797872683,0.2734791872932912,POSA,2022-06-20,0.0,1.6094379124341003,2.1972245773362196,1,1,1,2022,6
0.019058428880591997,0.0007614700081113358,0.0006960576956261662,0.000600929405751665,BSC,9.324383088016843,5.575949103146316,29.924159943977642,32.940810352007105,18.420680753952364,0.010694707201685031,POSA,2022-06-22,2.0794415416798357,1.0986122886681098,3.044522437723423,1,1,1,2022,6
4.09999915950023e-07,2.1999997580000356e-07,1.8999998195000231e-07,1.0999999395000045e-07,ETH,11.048299350937146,7.01571242048723,18.84542127620294,56.726788275459256,29.432895852176525,4.09999915950023e-07,POS,2022-06-23,1.6094379124341003,1.0986122886681098,2.833213344056216,1,1,1,2022,6
2.2399997491200374e-07,2.2999997355000404e-07,2.1349997720887824e-07,1.6699986055515527e-06,BSC,9.285540604539118,7.8343923029104365,45.185245605178864,50.057422396749665,27.63102111592955,1.719999852080017e-07,POSA,2022-06-24,2.3978952727983707,1.6094379124341003,4.820281565605037,1,1,1,2022,6
0.0678455468950672,0.014888612493750654,0.014090264342003618,0.009356094924024954,ETH,3.1354942159291497,2.8903717578961645,34.005463046890455,18.419417146270327,18.420680753952364,0.013902905168991422,POS,2022-06-28,0.0,0.6931471805599453,1.3862943611198906,0,1,1,2022,6
2.587011872725154,2.2731562823032334,2.1102132003465894,1.9892432737616872,ETH,11.208273549098648,7.850103545175582,24.013950060329982,28.658305960053813,17.118095687746248,1.501852701754163,POS,2022-06-28,2.1972245773362196,0.0,4.804021044733257,0,1,1,2022,6
0.004614247965075143,0.0030554473629193185,0.0006127422351281143,0.0005917448844563208,BSC,11.081496186184253,7.976251943745623,35.17287694564233,39.469604576038876,22.515025306341133,0.004614247965075143,POSA,2022-06-30,2.0794415416798357,1.9459101490553132,1.0986122886681098,1,1,1,2022,6
0.0011053888325925926,1.3039914979939107e-05,1.4139900031142372e-05,1.3409910086753823e-05,BSC,10.444240842543808,8.832441791585824,29.452875867125957,34.60084691738268,20.72326583794641,0.0011053888325925926,POSA,2022-07-02,0.0,2.1972245773362196,0.0,1,1,1,2022,7
0.08709470685093376,0.19622446196294605,0.39702962928706276,1.0317599816802692,POLYGON,11.024073313125635,8.656955133791396,25.283391491742456,31.50994596134017,17.553180200057167,0.0783119800589361,POS,2022-07-04,0.6931471805599453,4.574710978503383,1.6094379124341003,1,1,1,2022,7
0.13768761853922942,0.13257706239625455,0.04091159050641489,0.10953130580781296,BSC,3.4965075614664802,3.295836866004329,88.64003818442421,89.11962298838205,13.815511557963774,0.007801489092077916,POSA,2022-07-09,4.564348191467836,3.9318256327243257,3.332204510175204,1,1,1,2022,7
0.0005998200719676155,0.00029995500899797546,3.9999200021332696e-05,1.9999800002666627e-05,ETH,3.4657359027997265,2.833213344056216,38.399389685341674,20.590463240820526,20.72326583794641,0.005982071677547464,POS,2022-07-10,0.6931471805599453,1.0986122886681098,0.6931471805599453,1,1,1,2022,7
1.3270750014599193,0.20408304857546733,0.20693286526622776,0.10921308497331629,ETH,3.4965075614664802,3.4011973816621555,46.88016840997676,48.41726891984967,25.3284360229445,1.3270750014599193,POS,2022-07-11,6.729824070489475,0.0,4.48863636973214,1,1,1,2022,7
1.7949999999838897e-11,1.9069999999818164e-11,1.7269999998508736e-10,1.7689999998435319e-10,BSC,14.216192913590694,11.90356115883239,7.819326156542724,17.622846628100273,10.445949797217512,0.6931471805599453,POSA,2022-07-12,5.123963979403259,7.372118028337787,1.6094379124341003,1,1,0,2022,7
2.4239173781615704,1.3907842663927426,0.6199149786536409,0.9357011253939783,BSC,8.129469764784231,7.027314514039777,75.86663508493734,79.0218200926258,20.72326583794641,2.163782690113587,POSA,2022-07-12,5.056245805348308,6.985641817639208,3.295836866004329,1,1,1,2022,7
2.506341930508065,1.3711807233098425,0.9122827104766162,0.4061315526513249,ETH,11.400047877903113,8.229511118964457,18.494128831883422,24.856749373667025,13.839884862380949,2.154085084675602,POS,2022-07-14,7.528869256642251,9.867912187022208,5.41610040220442,0,1,1,2022,7
0.03430480369199031,0.03963408924007412,0.0684994164246923,0.06334092931066314,BSC,9.317579122645782,6.651571873589727,28.180198015770124,31.94661190153958,18.420680753952364,0.024204688696817394,POSA,2022-07-16,0.6931471805599453,0.6931471805599453,0.6931471805599453,1,1,1,2022,7
0.06672363204290818,0.06672363204290818,0.011928570865273802,0.6418538861723948,ETH,9.936196726945832,8.332067707289548,3.0756254067732947,1.7047480922384253,9.208538750029554,0.009950330853168083,POS,2022-07-16,1.6094379124341003,1.0986122886681098,2.3978952727983707,1,1,1,2022,7
0.003992021269537453,0.0026963615477426086,0.003792798238696237,0.004091617903253565,ETH,10.77762206687689,8.299285906897275,39.11579001351338,45.14402652388295,24.278613898464396,0.0033942330680155476,POS,2022-07-17,5.945420608606575,1.0986122886681098,6.135564891081739,0,1,1,2022,7
0.15953899389671075,0.26762731337305457,0.24184361022087822,0.2259906943531319,BSC,8.41913925094085,5.932245187448011,30.813342218398624,35.33492682466573,18.420680753952364,0.1536562719135196,POSA,2022-07-18,1.6094379124341003,1.6094379124341003,0.6931471805599453,1,1,1,2022,7
0.0263186070178288,0.005396413135523598,0.005058185781842968,0.005036296541398737,BSC,8.68996933536666,7.030857476116121,27.69516853173458,32.959572831226076,17.72753358339242,0.0021476920574589613,POSA,2022-07-18,0.6931471805599453,0.6931471805599453,0.0,1,1,1,2022,7
0.007619894722790493,5.29985955496237e-05,5.29985955496237e-05,5.29985955496237e-05,BSC,10.237671458639328,8.492490578775866,28.49626301057653,33.31992511387049,19.97882536410418,0.009508649167755784,POSA,2022-07-19,0.6931471805599453,0.0,1.0986122886681098,1,1,1,2022,7
0.4731237565819792,0.353469812989784,0.16381808522939498,0.06672363204290818,BSC,13.36841688014152,11.550905023594403,22.195436747149675,30.880909998403048,17.958645300228824,0.07788653865707124,POSA,2022-07-20,6.1675164908883415,0.6931471805599453,2.3978952727983707,0,1,1,2022,7
0.5798608943540875,1.155307632344655,0.6991292522374928,0.41051898241084334,BSC,13.382969173595418,12.608225607867736,24.222325891777572,33.52472323276728,18.420680753952364,0.6062539784055765,POSA,2022-07-21,0.6931471805599453,1.0986122886681098,3.044522437723423,1,1,1,2022,7
0.0016037133640165262,0.0015368184892871784,0.0009566422718328034,0.0014000195151659981,BSC,11.065700422613832,7.5678626054638825,32.22536441825607,38.719734986459436,20.135119409219104,0.001448949765104487,POSA,2022-07-22,1.6094379124341003,2.1972245773362196,0.0,1,1,1,2022,7
0.00566790702484944,0.0003411917874617259,9.14058223605334e-05,7.103747677869906e-05,BSC,11.712374505424773,9.315600882633676,31.731494138654984,39.88590652691927,20.72326583794641,0.0038525693154899798,POSA,2022-07-25,2.1972245773362196,1.0986122886681098,0.0,1,1,1,2022,7
0.03395205040059928,0.03427828870137548,0.03625902398620189,0.03662744970420861,BSC,12.246086313442484,9.28126471031288,27.864743943700404,34.59733098917705,19.13522693453478,0.03395205040059928,POSA,2022-08-01,0.6931471805599453,0.0,0.0,1,1,1,2022,8
0.020331898971918273,0.004688989486131543,0.0014599337778740118,0.0006198078794057441,ETH,9.275847174178303,6.579251212010101,33.52440997242829,37.616333196032635,20.72326583794641,0.015006832106522075,POS,2022-08-02,1.3862943611198906,1.3862943611198906,0.0,1,1,1,2022,8
4.5388969905120546e-05,1.2059927278784677e-05,2.1399977102032665e-06,1.4399989632009951e-06,BSC,8.907883013942248,5.293304824724492,44.36421402499195,47.44790138771912,25.3284360229445,3.450940454364943e-05,POSA,2022-08-04,5.71042701737487,2.302585092994046,1.9459101490553132,1,1,1,2022,8
3.53999999937342e-10,3.649999999333875e-10,6.21999999806558e-10,6.369999997971154e-10,BSC,7.773594467360194,5.313205979041787,49.29777223300553,52.73595638379803,27.576365362699907,3.4999999993875e-10,POSA,2022-08-05,0.6931471805599453,0.0,0.6931471805599453,1,1,1,2022,8
1.4816045409242156,1.0296194171811581,1.1474024528375417,2.4849066497880004,BSC,9.665484138314895,8.636397438894713,31.102279145916835,36.76159768638764,20.72326583794641,1.4816045409242156,POSA,2022-08-05,8.294299608857235,11.296024885689746,4.219507705176107,0,1,1,2022,8
0.0006697756502039826,0.0005938236518304196,0.0005848289542046092,0.00021797624145284612,BSC,5.572154032177765,2.833213344056216,24.098797538659888,24.72092513981763,13.815511557963774,0.0003739300794329848,POSA,2022-08-07,0.0,0.0,0.0,1,1,1,2022,8
0.0006397952873394118,0.000499875041651048,0.0017185224939643073,0.008325248745990105,ETH,8.635864721133736,7.173958319756794,35.82796262955633,39.606418772081994,23.025850930040455,0.0007697037020898381,POS,2022-08-08,1.9459101490553132,0.0,4.143134726391533,1,1,1,2022,8
6.0748154793480485e-05,6.826766970960867e-05,6.76377125183496e-05,6.762771319465386e-05,BSC,9.358587948436385,8.479906606630221,46.79253364204792,54.03981624707148,28.324168296488992,3.699931551688386e-05,POSA,2022-08-09,0.6931471805599453,2.1972245773362196,1.6094379124341003,1,1,1,2022,8
7.526759997167393e-10,8.21718999966239e-11,7.850999999691809e-11,1.048049994507956e-08,BSC,9.195226734166134,7.533158807455563,60.20950859847723,65.66371320401014,34.538776394910684,6.187999998085432e-10,POSA,2022-08-12,2.3978952727983707,1.0986122886681098,1.6094379124341003,1,1,1,2022,8
0.021906784552816964,0.015136562047285836,0.002306517941191469,0.0007510678778948679,BSC,9.76226955062059,7.609862200913554,31.92405532740055,37.53549846181046,20.030118658386467,0.016776976195445402,POSA,2022-08-13,2.3978952727983707,1.0986122886681098,5.247024072160486,1,1,1,2022,8
0.0666675032460142,0.024058265093070904,0.009257021262676761,0.004390348301292895,ETH,7.545389749611823,6.661854740545311,29.133418127953227,33.34980258301337,18.326370075470134,0.0666675032460142,POS,2022-08-14,5.056245805348308,1.791759469228055,3.4657359027997265,1,1,1,2022,8
0.0011693160834029663,0.0011563311913247165,0.0008356507466369864,0.0016067085522466365,BSC,8.130942302231878,7.050122520269059,27.407246379300112,32.71433704551969,17.72753358339242,0.0011733114008908756,POSA,2022-08-14,0.0,1.0986122886681098,0.0,1,1,1,2022,8
0.16551443847757338,0.06765864847381481,0.04305948946044697,0.016857117066422903,BSC,13.965192697290451,10.061345637151708,23.953068883334925,30.92162534955563,18.8906843794481,0.013902905168991422,POSA,2022-08-20,2.1972245773362196,1.3862943611198906,4.867534450455582,0,1,1,2022,8
0.16551443847757338,0.05921185963184609,0.045928931888399804,0.016857117066422903,BSC,13.958118880336258,10.055478759522249,24.264419792496398,31.220290575055547,18.8906843794481,0.01587334915629015,POSA,2022-08-20,2.1972245773362196,1.3862943611198906,4.1588830833596715,0,1,1,2022,8
0.8311249235018481,0.8099074711686445,0.6740662927471534,0.6645933731418842,BSC,7.10085190894405,1.0986122886681098,1.0713605168387159e-10,21.11803070176068,1.7999838001943972e-05,0.7469485770282546,POSA,2022-08-23,5.402677381872279,0.0,6.7912214627261855,1,1,1,2022,8
3.699999315500169e-07,1.8999998195000231e-07,7.199999740800013e-08,4.599999894200003e-08,ETH,3.8501476017100584,3.5553480614894135,64.5654853708662,66.27906285123917,34.538776394910684,3.699999315500169e-07,POS,2022-08-24,0.6931471805599453,0.0,0.0,1,1,1,2022,8
5.999982000072e-06,3.919992316820079e-06,2.3299972855542165e-06,1.8999981950022863e-06,ETH,9.535101442669385,7.520776415062797,72.35812284648634,77.67911263960414,40.5790311061881,1.0699994275504084e-06,POS,2022-08-24,1.3862943611198906,0.0,0.0,1,1,1,2022,8
0.6951451832226183,2.1186622548331173,0.8135933336358124,4.091005660956586,BSC,8.297543529356284,5.676753802268282,60.10318584030868,18.419731573364757,18.420680753952364,0.6747285950359273,POSA,2022-08-25,5.655991810819852,5.187385805840755,5.393627546352362,1,1,1,2022,8
0.00038072751408117474,0.0009173790791077748,0.00044729994646152305,0.00037842838694479103,ETH,9.09750756370184,6.20050917404269,19.299867388076112,37.8335662200927,20.72326583794641,0.00024427016361425375,POS,2022-08-26,2.3978952727983707,2.3978952727983707,2.5649493574615367,1,1,1,2022,8
0.0022335038722020037,0.0011436457877841302,0.0006455216060895241,0.0005130083886916264,BSC,7.053585727193677,6.3578422665081,81.14192551832079,84.5022907254636,23.025850930040455,0.0017524635383734323,POSA,2022-08-28,2.0794415416798357,0.0,2.302585092994046,1,1,1,2022,8
2.9165957467304903e-06,3.216099948283505e-08,5.956599822594589e-08,6.72039977418113e-08,BSC,8.555066843844319,5.849324779946859,18.88238645613822,23.205563601391656,12.645298073119001,2.9015999579035878e-08,POSA,2022-08-31,1.3862943611198906,0.0,0.0,1,1,1,2022,8
1.6169986926569093e-06,1.6169986926569093e-06,1.6169986926569093e-06,1.6169986926569093e-06,ETH,3.295836866004329,3.2188758248682006,36.77923546893709,36.981333666406606,20.72326583794641,1.6169986926569093e-06,POS,2022-09-02,0.0,0.0,0.0,1,1,1,2022,9
3.0899999522595004e-08,3.08502995241295e-08,3.115319951473907e-08,3.1039999518259215e-08,BSC,7.466799475018602,7.285506548522785,18.798948242968958,34.4877884579522,34.538776394910684,8.252999965943994e-09,POSA,2022-09-05,3.713572066704308,0.6931471805599453,2.1972245773362196,1,1,1,2022,9
0.03149866705937099,0.037295784743696894,0.019802627296179712,0.005982071677547464,BSC,12.533172527095166,9.638740451366843,28.73621598242838,34.26559877382315,20.617905322399697,0.007968169649176874,POSA,2022-09-07,6.3080984415095305,0.6931471805599453,5.318119993844216,0,1,1,2022,9
9.399999558200027e-08,5.41699985328056e-08,2.3139999732270204e-08,4.803799708764848,BSC,5.855071922202427,4.143134726391533,54.21823662497397,55.704793976075095,29.933606208922694,5.699998375500617e-07,POSA,2022-09-09,5.768320995793772,1.0986122886681098,1.3862943611198906,1,1,1,2022,9
1.8199834382009495e-05,1.4799890481080587e-05,1.4099900595934398e-05,8.259965886387853e-06,ETH,4.74493212836325,4.07753744390572,161.72568368502488,82.89306334778564,82.89306334778564,1.2899916795715556e-05,POS,2022-09-15,1.3862943611198906,0.0,3.4965075614664802,1,1,1,2022,9
0.03296571057963892,0.006882262805380533,0.00832624045480853,0.009110374227953884,ETH,6.428105272684596,6.061456918928017,27.891818794792833,35.853608667797594,19.33697147982652,0.03296571057963892,POS,2022-09-23,1.3862943611198906,1.9459101490553132,0.0,1,1,1,2022,9
0.0004199118246882234,0.0004199118246882234,0.0004199118246882234,0.0004199118246882234,POLYGON,8.207401833376355,4.07753744390572,12.55681311909394,13.739509379266272,9.177453601350178,0.00013659067106954495,POS,2022-09-29,0.0,0.0,0.0,1,1,1,2022,9
0.017839918128331,0.009356094924024954,0.007769737264360664,0.0026963615477426086,BSC,11.062316536692785,8.087332926473351,31.785893949416774,37.25583127659908,20.751586598691212,0.01587334915629015,POSA,2022-09-29,2.0794415416798357,7.215975002651466,10.056251557087757,0,1,1,2022,9
0.3326076358047733,0.3326793383825117,0.31721660255409917,0.27702549226325207,BSC,3.912023005428146,3.4965075614664802,53.280185480052495,54.443335440674964,16.860033043306743,0.31481073984003355,POSA,2022-09-30,7.030857476116121,,3.091042453358316,1,1,1,2022,9
0.6626879730752367,0.4637340162321401,1.2892326482767593,0.6259384308664953,ETH,12.38233840292876,8.997889450200717,25.302357677409244,31.31520760613342,18.455160056679887,0.49713229663398817,POS,2022-10-02,4.143134726391533,0.6931471805599453,5.262690188904886,0,1,1,2022,10
0.055434706888100586,0.0639133257436528,0.037295784743696894,0.06485097231961633,ETH,10.495819427857256,8.050065422915965,26.056662909967066,30.153234794771762,18.420680753952364,0.026836653953559674,POS,2022-10-04,0.6931471805599453,7.944846711001996,1.6094379124341003,0,1,1,2022,10
0.00038452606037751174,0.00038452606037751174,0.00038452606037751174,0.0009216751269585611,ETH,8.269244521183056,5.153291594497779,19.867107836620207,12.507529867002377,13.385427809857095,0.00038452606037751174,POS,2022-10-07,0.0,0.0,0.0,1,1,1,2022,10
1.709999999853795e-10,1.809999999836195e-10,1.51999999988448e-10,1.3399999999102202e-10,ETH,5.602118820879701,4.564348191467836,132.46953677907638,68.51170683533846,68.51170683533846,2.659999999964622e-11,POS,2022-10-08,0.0,0.0,0.0,1,1,1,2022,10
1.085189268335969,0.7925399244379802,0.712949807856125,1.3867942361615415,ETH,9.106977858981029,7.929846429742503,32.1571068010869,37.57743547693389,20.72326583794641,1.085189268335969,POS,2022-10-19,5.921578419643816,0.0,5.8377304471659395,0,1,1,2022,10
3.055886196373738,2.3683728335320486,2.914522218128448,2.7324175575505043,ETH,5.713732805509369,4.290459441148391,11.39277382135077,14.725698692081771,7.978912136748112,2.1114245875328868,POS,2022-10-21,1.0986122886681098,4.795790545596741,7.065613363597717,0,1,1,2022,10
0.6019087001256741,0.5721652839991622,0.8197798314933114,0.6312717768418579,ETH,3.367295829986474,3.1780538303479458,51.74210145996649,52.914704387674846,27.63102111592955,0.5250834955126903,POS,2022-10-21,4.61512051684126,5.908082938168931,4.442651256490317,1,1,1,2022,10
0.04018178963283184,0.05325636630043149,0.11662681193171963,0.13409373448069878,BSC,13.092483383586291,9.409355151711798,29.781591257438752,35.83563975864676,20.72326583794641,0.028393074501217887,POSA,2022-10-28,1.791759469228055,0.6931471805599453,5.680172609017068,0,1,1,2022,10
1.0321162973797453,0.09075436326846414,0.08984070399978947,0.05921185963184609,BSC,13.388693613154496,12.228992956814674,25.327581314752262,34.227109372948654,19.11382792951231,19.11382792951231,POSA,2022-10-28,0.0,4.672828834461906,0.0,1,1,1,2022,10
0.0308957721764746,0.03710847433129126,0.05239869320909529,0.077411134273458,BSC,10.308319126670684,9.180705566846491,33.27236486312015,39.24390463097295,22.1095601980663,0.031000868759749556,POSA,2022-11-03,2.0794415416798357,0.0,2.0794415416798357,1,1,1,2022,11
0.16940516486072774,0.20855769298579135,0.16381808522939498,0.1406311297397456,BSC,11.899717307812772,8.469682208745185,32.118888791896794,39.16214900859623,20.579090016886497,0.008166562666393417,POSA,2022-11-06,4.454347296253507,1.3862943611198906,5.308267697401205,1,1,1,2022,11
0.0012991557316200499,0.001468920607674999,0.0003999200213269354,0.0002399712046071707,ETH,3.367295829986474,2.772588722239781,43.071699224369866,22.899480647610353,23.025850930040455,0.0012991557316200499,POS,2022-11-08,1.3862943611198906,1.791759469228055,6.267200548541362,1,1,1,2022,11
0.42593709303388094,0.46819431216831775,0.4114449995315127,0.32510212693032187,BSC,11.417768273462597,6.670766320845874,25.322732826602042,29.45295346771848,16.860033043306743,0.22621163991328422,POSA,2022-11-10,6.556778356158042,0.0,0.0,1,1,1,2022,11
0.0,0.0,0.0,1.6999999999998557e-13,BSC,7.617267813628347,6.18826412308259,93.7412410338662,49.9637248289583,49.96372486530908,9.999999999995e-13,POSA,2022-11-15,1.0986122886681098,1.0986122886681098,0.0,1,1,1,2022,11
0.02040930597454712,0.022416854284000053,0.01880212696259618,0.0022774047440404584,BSC,10.300483565552913,8.109224953089955,28.637652294301347,35.606762386131685,18.420680753952364,0.020268205172488115,POSA,2022-11-16,1.9459101490553132,0.6931471805599453,0.6931471805599453,1,1,1,2022,11
0.07325046173959267,0.03052920503482287,0.017839918128331,0.007273483966498386,POLYGON,11.597147120970925,9.790542793519993,30.252232220013482,36.65289532211186,21.12873094572124,0.07325046173959267,POS,2022-11-17,5.638354669333745,0.0,4.812184355372417,0,1,1,2022,11
0.16551443847757338,0.044973365642731154,0.43178241642553783,0.2151113796169455,ETH,11.41724021483582,8.963672275615016,28.20367952057967,34.37079414339712,19.519293035953808,0.09712671073072274,POS,2022-11-29,1.6094379124341003,2.302585092994046,1.791759469228055,0,1,1,2022,11
5.460648778465489,5.582593645864985,3.2433732964685884,3.5579161895951237,ETH,11.195800850185124,8.19891444498699,13.384652152716608,19.063160257810452,11.849404844423074,1.8748743759385615,POS,2022-11-30,0.6931471805599453,0.6931471805599453,8.403128235128264,0,1,1,2022,11
0.0004598942324341438,0.0010594385966899815,0.0005798318650090552,0.00044989878036475215,ETH,3.4657359027997265,3.091042453358316,46.91504578604147,47.59986050160074,25.3284360229445,0.002895803112025565,POS,2022-12-16,0.0,1.3862943611198906,0.0,1,1,1,2022,12
0.2151113796169455,0.13102826240640408,0.598836501088704,0.2151113796169455,POLYGON,15.137907259217801,10.789133492695578,28.87658882880275,36.88527653463245,20.537980147366937,0.032467190137501496,POS,2022-12-16,5.0689042022202315,3.6888794541139363,7.340186835320115,0,1,1,2022,12
0.016857117066422903,0.005186526687300061,0.0015987213636970278,0.0017983819413793735,ETH,3.58351893845611,3.4965075614664802,49.95989789645971,50.36910954736027,27.63102111592955,0.016857117066422903,POS,2022-12-19,1.0986122886681098,0.0,1.9459101490553132,1,1,1,2022,12
0.002936683720215058,0.0017075413211849269,0.00137705142932027,5.1998648046867504e-05,BSC,11.402418395159524,7.6128310304073565,33.142923219454566,39.135292932373495,20.72326583794641,0.0013960251033481262,POSA,2022-12-20,1.6094379124341003,0.0,2.8903717578961645,1,1,1,2022,12
0.024302292522964862,0.005783244755727333,0.03681397312271631,0.014888612493750654,ETH,11.725339662071352,9.204624064980074,35.00348477905949,41.457646753389795,23.025850930040455,0.01950846638804296,POS,2022-12-20,1.3862943611198906,0.0,4.543294782270004,0,1,1,2022,12
2.4362414778067194,1.8718021769015913,0.5031965966014996,0.12221763272424921,BSC,13.745025859971594,9.707959168254892,22.92051285720278,29.98284696441863,17.104864507611147,0.18315454309784648,POSA,2023-01-03,6.741700694652055,1.6094379124341003,9.287394001418473,0,1,1,2023,1
0.028859528680553175,0.0032845997912162627,0.00405775616074498,0.007252635938199907,POLYGON,9.988058453986397,6.77078942390898,43.23131707309241,46.90653500112783,25.3284360229445,0.028859528680553175,POS,2023-01-05,6.658011045870748,5.225746673713202,2.4849066497880004,1,1,1,2023,1
2.1077860146889784,2.321406847234633,2.706048198431537,2.9816333491744893,ETH,9.154087430425385,7.113142108707088,33.75743414737377,38.22559616395038,21.12873094572124,1.9358598132018119,POS,2023-01-08,4.624972813284271,1.791759469228055,0.6931471805599453,0,1,1,2023,1
0.04695037756136744,0.02833475242726841,0.01163307266452606,0.0059363449859749775,ETH,9.821626526055807,7.63433723562832,28.975751472051062,35.88631181440583,18.526041267610193,0.004962665579745114,POS,2023-01-10,5.973809611869261,1.3862943611198906,2.5649493574615367,1,1,1,2023,1
1.1599932720520294e-05,1.539988142121741e-05,1.2099926795590514e-05,5.579984431857913e-06,ETH,4.127134385045092,3.9512437185814275,35.3703881047731,35.9345172489913,20.72326583794641,2.009997979952707e-06,POS,2023-01-15,0.0,0.0,0.0,1,1,1,2023,1
11.429663414101217,11.910365121788654,12.319539714118912,0.0,BSC,5.093750200806762,4.875197323201151,66.09549452151236,68.66044383857182,20.72326583794641,0.262364264467491,POSA,2023-01-18,0.0,0.0,4.418840607796598,1,1,1,2023,1
1.8855533485144158,1.6134299337036377,1.1631508098056809,0.31481073984003355,ETH,11.382361094949111,9.585758558732051,28.926155719516935,35.32841365185383,20.34802001652198,0.3074846997479606,POS,2023-01-19,4.6443908991413725,1.791759469228055,4.897839799950911,0,1,1,2023,1
0.7163753066791524,0.7246458476193163,0.6403264043763627,0.6073714035385415,BSC,7.901377353792616,6.546785410760524,34.12597043571503,38.341599030862064,20.72326583794641,0.6896410412306577,POSA,2023-01-20,5.521460917862246,5.111987788356544,5.0238805208462765,1,1,1,2023,1
1.2029723039923526,0.9400072584914712,0.7929925155296614,0.636576829071551,BSC,11.198776206303277,7.195937226475569,25.13578315739737,30.93329000984542,16.380251263947912,16.380459992348886,POSA,2023-01-21,0.0,1.6094379124341003,7.300472814267799,1,1,1,2023,1
0.6418538861723948,0.8544153281560676,1.169381359556317,1.425515074273172,ETH,10.67262307909541,7.990576881743923,31.67423139371994,37.53080525713003,20.336692108937726,0.3646431135879093,POS,2023-01-24,6.439350371100098,4.31748811353631,10.419330568113901,0,1,1,2023,1
6.179001645952874,4.4487502667167895,3.3343094361205234,2.769772259730207,ETH,5.755742213586912,5.44673737166631,95.87132538121571,50.65687166070666,50.656872055919,6.179001645952874,POS,2023-01-31,0.0,1.6094379124341003,0.6931471805599453,1,1,1,2023,1
0.002496880198587199,0.0,0.0,0.0,BSC,6.3835066348840055,5.814130531825066,28.85267855280692,31.34119338139183,18.420680753952364,0.002496880198587199,POSA,2023-02-06,0.0,0.0,0.6931471805599453,1,1,1,2023,2
9.799999519800032e-08,1.8499999828875003e-08,3.099999951950001e-08,2.0699999785755004e-08,ETH,9.991269465919661,7.53689712956617,59.97810064549879,65.40258024815407,34.538776394910684,2.9999999954999997e-09,POS,2023-02-08,0.6931471805599453,1.3862943611198906,1.9459101490553132,0,1,1,2023,2
9.804609999995194e-13,9.65380999999534e-13,8.811679999996118e-13,7.842819999996924e-13,ETH,2.3978952727983707,2.0794415416798357,1.7384687908375245e-08,52.49403852128809,27.63102111592955,9.804609999995194e-13,POS,2023-02-12,0.6931471805599453,0.0,1.0986122886681098,1,1,1,2023,2
6.829382842295736,2.138889000323256,4.1420229975388425,4.127134385045092,BSC,13.424971500072706,10.20459164531955,16.946936162270877,25.565875742836067,13.796233011184349,13.816511057297857,POSA,2023-02-22,6.395261598115449,0.0,4.07753744390572,1,1,1,2023,2
0.00567387309580394,0.004529725286396119,9.036591687754266e-05,3.2526973733437115,ETH,10.010771217755803,7.105786129481271,33.4104057083862,39.001473844138346,20.72326583794641,5.54184643685362e-05,POS,2023-02-22,5.749392985908253,1.9459101490553132,5.883322388488279,1,1,1,2023,2
5.309771516593153,4.463145685958674,4.474092922381148,4.456960158822905,BSC,3.4965075614664802,3.332204510175204,88.79334054391472,89.25558529764872,13.815511557963774,4.736101952510848,POSA,2023-02-23,4.31748811353631,3.4339872044851463,0.0,1,1,1,2023,2
0.2612867610922493,0.15349332095710866,0.16813811227748007,0.14427348915642474,BSC,9.041448235493888,8.720460512725655,15.262940725546946,11.85661247632724,17.574306337635402,3.970291913552122,POSA,2023-02-27,12.75130259456002,1.3862943611198906,6.38856140554563,1,1,1,2023,2
0.13894856819778842,0.13332824699184576,0.13152813744805514,0.40581171469982574,BSC,8.872346978983032,5.883322388488279,16.60232995730915,20.68575883046361,11.51293546492023,0.10912791010702295,POSA,2023-03-01,0.6931471805599453,0.0,1.6094379124341003,1,1,1,2023,3
0.046883585898850416,0.07510747248680541,0.038258712117090345,0.009950330853168083,ETH,3.4965075614664802,3.1780538303479458,46.18441604539928,46.40704533233948,25.3284360229445,0.046883585898850416,POS,2023-03-09,0.0,1.9459101490553132,0.6931471805599453,1,1,1,2023,3
1.1184149159642893,0.13409373448069878,0.11261414436913438,0.6794538534279428,BSC,10.451233167901064,6.501289670540389,19.022462575371513,23.852587691908482,13.122365377402328,1.1184149159642893,POSA,2023-03-10,4.406719247264253,1.3862943611198906,0.0,1,1,1,2023,3
0.14634889633513704,0.13584122291141315,0.134268620805034,0.1329562272486255,BSC,7.323170717943469,5.796057750765372,146.1776024072987,75.9853080688035,75.98532806860351,16.811242881518265,POSA,2023-03-14,1.6094379124341003,4.820281565605037,7.969357742016346,1,1,1,2023,3
0.76080582903376,0.5086232002107907,1.0296194171811581,1.0577902941478545,BSC,7.645875825184813,7.123672785204607,38.71369158558019,22.918265719371878,23.025850930040455,0.76080582903376,POSA,2023-03-15,5.438079308923196,0.6931471805599453,3.4657359027997265,1,1,1,2023,3
1.2725655957915476,0.5521594872589678,0.3321773123383322,0.07232066157962612,ARBI,12.392037557238927,8.08301991917133,24.005078042411792,29.377436823944596,16.811242881518265,0.49469624183610705,Fraud Proofs,2023-03-16,0.6931471805599453,5.673323267171493,3.912023005428146,0,1,1,2023,3
0.0009219748505384895,0.0007497188905459458,0.000499875041651048,0.0003999200213269354,BSC,4.605170185988092,2.0794415416798357,28.940010476765416,28.098067125149445,16.118095750958314,0.0009219748505384895,POSA,2023-03-23,0.0,0.0,0.0,1,1,1,2023,3
12.715236889969498,11.506917452956234,12.052431835697115,11.526798783902734,ETH,10.152103899823368,9.088737550216933,29.31747932700246,36.04014122711906,19.198619630437143,11.661535107278647,POS,2023-03-23,4.110873864173311,2.3978952727983707,2.0794415416798357,1,1,1,2023,3
0.6763061633639188,0.24293676680139267,1.0406300061297626,0.8046885552928528,BSC,5.176149732573829,4.787491742782046,36.345137667855695,38.00181033151116,21.416413018006356,0.3596584887392834,POSA,2023-03-23,4.007333185232471,10.563620718477313,2.9444389791664403,1,1,1,2023,3
4.731185906570952,4.642192330212785,5.332829898204098,5.4612989390100495,BSC,5.493061443340548,4.718498871295094,16.120220220804224,17.61764361194692,11.51293546492023,4.273459594718535,POSA,2023-03-23,0.0,0.0,0.0,1,1,1,2023,3
1.007957920399979,0.8259282917937638,1.1878434223960523,1.0137803531514122,BSC,7.323170717943469,5.272999558563747,50.47008917173739,27.86897367169872,27.86897488634426,0.8514321595256585,POSA,2023-03-24,7.635786861395585,8.152198015861787,2.302585092994046,1,1,1,2023,3
0.9555114450274363,1.0647107369924282,1.199964782928397,0.7654678421395714,ETH,12.56695522494223,10.685309309535713,22.201958592229325,30.31238708147849,18.191862509961553,0.8064758658669484,POS,2023-03-25,7.479299637782834,1.3862943611198906,9.65509029374725,0,1,1,2023,3
0.4154154389613325,0.17395330712343804,0.23901690047049992,0.22314355131420976,BSC,13.198802059912719,10.533615057927772,29.247387323681338,36.84303118133171,20.722661376051526,0.10074990310014306,POSA,2023-03-25,6.717804695023691,1.6094379124341003,4.23410650459726,0,1,1,2023,3
0.03536714383729131,0.0006897620594463634,0.0006897620594463634,0.000719740924348854,ARBI,1.791759469228055,1.791759469228055,31.032218497590737,31.032218497590737,17.822843761378564,0.03536714383729131,Fraud Proofs,2023-03-26,4.74493212836325,4.564348191467836,6.129050210060545,1,1,1,2023,3
3.473828072697063,3.7152779279684673,2.8690346205080335,1.3246848794881994,BSC,8.042056410058754,4.672828834461906,27.721035115899785,29.771844219551728,16.860033043306743,3.2507620137305224,POSA,2023-03-31,6.42648845745769,0.0,4.812184355372417,1,1,1,2023,3
0.1231021971339834,0.6936470556015963,0.6333440961891916,0.1680535849962497,ETH,12.162606533409937,9.581145019820722,28.963910769791827,36.56257169256513,19.806975107572256,0.1097508639591192,POS,2023-04-01,3.7376696182833684,5.820082930352362,5.4680601411351315,0,1,1,2023,4
0.001260195619843445,0.0012635214205046143,0.0059487411022092936,0.04867106183893578,BSC,7.382746449738912,6.410174881966167,20.710015340433888,35.01146139948354,20.72326583794641,0.001260195619843445,POSA,2023-04-02,0.6931471805599453,0.0,0.0,1,1,1,2023,4
0.003384266903145199,0.002827798007827403,0.001456938149992902,0.0011852173523445393,BSC,6.249975242259483,5.572154032177765,29.296829459581165,31.74631565214177,18.420680753952364,0.0026441810699793992,POSA,2023-04-09,7.300472814267799,6.591673732008658,4.330733340286331,1,1,1,2023,4
2.6206999656596582e-08,2.012499979749219e-08,4.767199886369024e-08,5.375399855525379e-08,ETH,5.981414211254481,4.727387818712341,42.64199884400628,44.56636127798183,24.740549353050053,2.3339999727622205e-08,POS,2023-04-12,0.0,1.3862943611198906,0.6931471805599453,1,1,1,2023,4
0.23952858056353257,0.13266551786314468,0.44270308771296835,0.3318178503220985,BSC,7.510430556378006,5.3230099791384085,51.80533565138476,28.56172782301189,28.561727903210247,0.10649826817189836,POSA,2023-04-12,4.07753744390572,7.2868764117507,3.367295829986474,1,1,1,2023,4
0.0020606054934941124,0.00020525893294384757,0.0003043936675465962,0.0003038538317484509,BSC,5.429345628954441,4.0943445622221,36.18387364361319,37.902418640974595,20.72326583794641,0.0020606054934941124,POSA,2023-04-13,6.329720905522696,0.6931471805599453,1.791759469228055,1,1,1,2023,4
0.06297479916138844,0.018821754240587758,0.014888612493750654,0.00707491367196188,ETH,7.922261058353247,6.056784013228625,27.57195210004287,31.118572028953857,17.63791150849333,0.06297479916138844,POS,2023-04-18,1.0986122886681098,0.6931471805599453,3.8501476017100584,0,1,1,2023,4
3.719993080817159e-06,1.4899988899511024e-06,1.002994969988634e-05,1.6649861390288565e-05,BSC,7.21890970761906,5.308267697401205,50.43464467557744,27.86897479248123,27.86897492412984,1.901199819271951e-07,POSA,2023-04-18,8.562357743370612,8.000014093678072,0.0,1,1,1,2023,4
3.199994880010923e-06,1.6399986552014702e-06,1.5999872001365315e-05,2.799960800731718e-05,ETH,15.423426512808264,12.813879778923104,52.37830823473901,60.64770861389883,33.67291709863046,2.799999608000073e-07,POS,2023-04-19,8.400884069015854,1.0986122886681098,10.295563423525277,0,1,1,2023,4
3.6554519280014177,1.6972656227996206,0.6931471805599453,0.09623662325031022,BSC,4.574710978503383,3.1354942159291497,64.57813587639649,65.3446133454654,34.538776394910684,3.0071172184205546,POSA,2023-04-23,1.0986122886681098,0.0,0.0,1,1,1,2023,4
0.0008100618113191979,0.00028966804216149134,0.0003374930428156546,0.0002044191049910019,BSC,8.452334619067742,6.311734809152915,81.1883148343119,43.74911655665231,43.749116766986866,0.0008100618113191979,POSA,2023-04-23,0.6931471805599453,3.8501476017100584,3.7612001156935624,1,1,1,2023,4
0.0006516975989818354,0.0008068244296163948,0.0014925156441970512,0.0013213166765169088,BSC,7.697575346802343,5.556828061699537,44.365904915469685,48.277439355513614,25.3284360229445,0.00021726639594717118,POSA,2023-04-24,1.6094379124341003,5.111987788356544,0.6931471805599453,1,1,1,2023,4
2.2299999999751358e-11,2.267999999997428e-12,2.6439999999965047e-12,8.607999999996296e-13,ARBI,8.746557354543503,6.795705775173514,43.40000701444447,48.545015744523845,25.3284360229445,5.841999999982936e-12,Fraud Proofs,2023-04-25,2.302585092994046,1.791759469228055,0.0,1,1,1,2023,4
0.002124741137999217,0.0018642611847501452,1.4649892689798062e-05,1.4649892689798062e-05,ETH,6.267200548541362,5.10594547390058,43.29144004813097,45.326942426928795,24.971761079010054,0.002124741137999217,POS,2023-04-25,0.0,0.0,0.0,1,1,1,2023,4
1.2518099921648588e-08,5.315929998587045e-10,1.8742399982436118e-09,2.1477399976936065e-09,BSC,4.859812404361672,3.9318256327243257,65.14377047204249,34.52807707785474,34.538776394910684,3.6596999993303293e-10,POSA,2023-04-29,0.0,1.791759469228055,1.6094379124341003,1,1,1,2023,4
0.8796267475025635,0.5665062795925478,0.8109302162163288,0.6418538861723948,BSC,9.236105579862208,6.858565034791365,42.217244601406385,46.153370613942656,25.33838635379757,0.8671004876833833,POSA,2023-04-29,4.804021044733257,6.994849985833071,2.6390573296152584,1,1,1,2023,4
9.682999953119755e-09,1.0489999994497996e-09,3.3209999944854793e-09,1.8699999982515502e-09,ETH,5.44673737166631,4.605170185988092,34.06529293253345,34.50004195191438,21.256694693238387,9.682999953119755e-09,POS,2023-05-01,5.37989735354046,1.9459101490553132,2.3978952727983707,1,1,1,2023,5
0.026330295246029898,0.026330295246029898,0.026330295246029898,0.026330295246029898,ETH,5.384495062789089,5.278114659230517,33.65555825932689,36.67964292811308,20.21244021484709,0.026330295246029898,POS,2023-05-02,0.0,0.0,0.0,1,0,1,2023,5
0.0045894523338072864,0.00039192318807286134,0.0003369432282543607,0.0006377965645232907,ARBI,11.469600340231855,8.57035473953047,31.092188906121063,37.19679167489552,20.72326583794641,0.0045894523338072864,Fraud Proofs,2023-05-04,2.302585092994046,0.6931471805599453,1.791759469228055,1,1,1,2023,5
0.0002915574929831633,3.769992893567861e-06,3.86999251156932e-06,4.599989420032445e-06,ETH,11.224082719197696,8.57300625623545,39.96086985356369,46.649724255075256,24.90306871895231,5.089870463895573e-05,POS,2023-05-04,4.983606621708336,1.3862943611198906,4.127134385045092,1,1,1,2023,5
7.879999999996895e-13,9.599999999999539e-14,1.5249999999999885e-14,1.5179999999999888e-14,ETH,5.181783550292085,3.9889840465642745,90.65258138068054,91.44480985067302,22.61938532164886,3.3529999999999435e-14,POS,2023-05-04,0.0,0.0,0.6931471805599453,1,1,1,2023,5
7.60489448081162,7.953318346560431,8.304247465078474,8.162801353492073,ETH,9.643031466337938,6.835184586147301,12.945942624957704,17.328076837504693,10.5631381980719,7.538494999413465,POS,2023-05-05,10.813780332606648,1.791759469228055,4.990432586778736,0,1,1,2023,5
2.586996653721271e-06,3.5129938294299514e-06,8.095967227568884e-06,3.6939931771988023e-06,ETH,5.209486152841421,4.890349128221754,64.5593980036341,66.95728380293335,25.3284360229445,7.6639970631567e-07,POS,2023-05-06,0.0,3.5553480614894135,0.0,1,1,1,2023,5
1.6601310267496185,0.2731596304094471,0.27120964388324886,0.32692682377768145,ETH,5.351858133476067,4.060443010546419,83.45518456593653,85.88879562098481,22.898017558544208,1.324418957401803,POS,2023-05-10,1.3862943611198906,1.791759469228055,0.6931471805599453,1,1,1,2023,5
1.9499999809875e-08,1.8899999821395004e-08,6.099999981395e-09,8.399999964720002e-09,BSC,10.139349876258112,7.029972911706386,93.10908319703566,50.06908538059299,43.16133010198493,22.48486381158537,POSA,2023-05-10,5.831882477283517,0.6931471805599453,6.021023349349527,1,1,1,2023,5
0.004020905314540802,0.002282393357530179,0.0014183536607211336,0.0008993954226542746,BSC,6.293419278846481,5.666426688112432,29.321754360898716,32.16108807691561,18.420680753952364,0.00281407676922853,POSA,2023-05-11,0.0,1.9459101490553132,0.0,1,1,1,2023,5
0.003792798238696237,0.00011799303854762887,0.0013990209137073409,0.0001699855516374579,ETH,4.382026634673881,4.060443010546419,26.949908130131107,28.682184635344797,16.118095750958314,0.000499875041651048,POS,2023-05-12,4.736198448394496,0.0,4.624972813284271,1,1,1,2023,5
8.040999996767116e-10,3.039449999538087e-10,2.5019699996870073e-10,2.0224599997954826e-10,BSC,10.66993166215753,10.049188346707682,68.15770376910768,77.46412366833019,73.68482077488952,8.040999996767116e-10,POSA,2023-05-13,0.0,2.1972245773362196,0.0,1,1,1,2023,5
3.967999999921275e-11,7.037999999975233e-12,4.436999999990156e-12,4.522999999989771e-12,BSC,5.442417710521793,6.654152520183219,19.073412081036615,17.15300718302169,44.953089571512805,3.967999999921275e-11,POSA,2023-05-14,0.0,0.6931471805599453,7.244941546337007,1,1,1,2023,5
7.882996892917183e-07,6.351997982605654e-07,5.434998523039284e-07,4.624972813284271,POLYGON,3.332204510175204,1.6094379124341003,9.418713406524105,9.597316932832706,5.707110264748875,7.002597548180807e-07,POS,2023-05-16,0.0,0.0,0.0,1,1,1,2023,5
0.19729226772377617,0.5585866871642505,1.0292622105333165,0.3249778571954778,ETH,11.925260256014015,9.352100317014015,29.065795128897747,35.298187971800004,20.26605249413894,0.19729226772377617,POS,2023-05-18,7.937731775260109,1.0986122886681098,6.418364935936212,0,1,1,2023,5
0.00031335090047825885,0.0002706633673658203,0.00026187570756350736,2.0816890142203155,ETH,9.16868469670735,7.108244139731541,33.46688598899376,39.1696987224785,20.580164993459583,0.0002967559635931216,POS,2023-05-18,0.6931471805599453,0.0,0.6931471805599453,1,1,1,2023,5
8.110671076180887e-05,6.703977528292433e-06,8.118967041097894e-06,3.3789942911923602e-06,BSC,9.799903236279558,9.799903236279558,38.774892825582484,45.87809401059116,25.3284360229445,6.664777898743645e-05,POSA,2023-05-18,2.1972245773362196,2.1972245773362196,1.3862943611198906,1,1,1,2023,5
0.00010589439299085135,1.373990560706464e-05,2.1429770380830486e-05,3.80292768778835e-05,ARBI,11.869368381992798,10.000886458523262,27.090553165774452,34.394010072226834,19.19953156116634,2.6779641422201796e-05,Fraud Proofs,2023-05-18,0.6931471805599453,2.3978952727983707,1.3862943611198906,1,1,1,2023,5
0.03052920503482287,0.018821754240587758,0.05448818528406973,0.016463726030665083,ETH,9.469777278987662,6.840546529288687,33.37739465385487,36.390064643322916,21.416413018006356,0.03052920503482287,POS,2023-05-20,1.791759469228055,0.0,5.37989735354046,0,1,1,2023,5
1.9459101490553132,1.3862943611198906,1.9459101490553132,1.3862943611198906,BSC,10.298262389436102,7.644440761556566,25.899748162686464,32.79238744852145,16.860033043306743,16.860033043306743,POSA,2023-05-21,1.0986122886681098,0.0,4.927253685157205,1,1,1,2023,5
0.8232978650249904,0.8078142555380713,1.082482906738226,0.8051356825079926,BSC,6.694562058521095,4.948759890378168,30.669194901680193,33.091851718471844,18.420680753952364,0.8153648132841945,POSA,2023-05-22,6.3080984415095305,2.302585092994046,1.3862943611198906,1,1,1,2023,5
3.695999931697922e-08,3.165999949882221e-08,1.9602599807869037e-08,8.525996365368266e-07,ETH,7.450079569807499,6.192362489474872,49.343012704750066,52.004186797691084,29.57707411192375,3.843999926118321e-08,POS,2023-05-25,1.0986122886681098,0.0,0.0,1,1,1,2023,5
7.327973150339169e-06,2.7079963333746197e-06,4.666989109589384e-06,3.893992418401682e-06,ETH,6.467698726104354,5.3706380281276624,14.50721814014099,42.389499494755476,24.2723083459013,7.327973150339169e-06,POS,2023-05-27,1.6094379124341003,0.6931471805599453,1.0986122886681098,1,1,1,2023,5
0.07905144730650428,0.07195780505748571,0.05297188476610572,0.040777193516705154,ARBI,9.35979432514452,5.993961427306569,29.780697987012783,33.53690558247588,18.420680753952364,0.07905144730650428,Fraud Proofs,2023-05-27,6.063785208687608,1.3862943611198906,3.295836866004329,1,1,1,2023,5
7.632708701378122e-05,8.320653823998403e-05,0.00015781754615592624,0.00017739426470698803,ETH,6.956545443151569,5.575949103146316,118.27049819456607,120.37691575511278,21.639556569220566,7.632708701378122e-05,POS,2023-05-29,1.6094379124341003,1.0986122886681098,0.0,1,1,1,2023,5
1.3999902000914657e-05,9.699952955304221e-06,9.19995768025956e-06,5.99999820000072e-07,BSC,11.89773878534752,10.633159507778446,23.988161552909098,31.848146593377418,18.420680753952364,2.3978952727983707,POSA,2023-05-30,8.029758520440822,2.302585092994046,10.599156550639583,1,1,1,2023,5
1.520399988441919e-08,1.496639988800344e-08,1.4194399899259506e-08,1.318729991304756e-08,ETH,6.342121418721152,4.7535901911063645,54.21231267727138,57.53952944866669,29.568621033318287,1.5204799884407027e-08,POS,2023-06-02,0.0,0.0,0.0,1,1,1,2023,6
0.0038475885288743387,0.00523626679524635,0.009932508912180019,0.011165433900516178,BSC,4.820281565605037,4.204692619390966,30.55429101141933,31.62552135666891,18.420680753952364,0.0038475885288743387,POSA,2023-06-03,4.48863636973214,1.6094379124341003,0.0,1,1,1,2023,6
8.099671967713624e-05,0.00010399459237492542,0.00012999155073226194,4.999987500041667e-06,ETH,11.950115312772635,10.059422354156888,42.901675493891645,49.87729663428129,27.631021115939546,4.7998848036862674e-05,POS,2023-06-04,6.0063531596017325,6.835184586147301,3.5263605246161616,0,1,1,2023,6
2.188859997604446e-09,5.554949984571265e-09,1.372529999905808e-10,1.0404799999458701e-10,BSC,6.93828448401696,6.163314804034641,32.457214010435145,37.71958000618325,19.401078873310883,1.7432999984804526e-09,POSA,2023-06-05,0.6931471805599453,0.0,0.0,1,1,1,2023,6
0.08065790301745447,0.020782539182528502,0.03052920503482287,0.0033942330680155476,BSC,11.17561888037753,7.531552381407289,30.83066593764201,35.626746833214646,19.997564470171657,0.025667746748577788,POSA,2023-06-05,12.745488641595722,5.808142489980444,3.6888794541139363,0,1,1,2023,6
0.0011023921424368674,0.00013449095568596442,0.0002531679502898769,0.00026156578868632307,ETH,8.474703139795285,6.416732282512326,28.49300278535593,31.600697171879954,18.420680753952364,0.0002751621394259941,POS,2023-06-08,4.3694478524670215,0.0,2.5649493574615367,1,1,1,2023,6
8.089967276126492e-06,2.5899966459557913e-06,3.7499929687675783e-06,4.999987500041667e-06,ETH,8.901775088607979,7.474204806496124,44.80977171549462,50.55114583884541,26.724680714910036,5.509984820005761e-06,POS,2023-06-08,1.9459101490553132,5.170483995038151,2.302585092994046,1,1,1,2023,6
0.06316257495764012,0.05383456262840543,0.05260193774019712,0.04798031251856691,ETH,3.258096538021482,10.887493006078323,27.19397482849693,19.04071300296673,19.11382792951231,0.06316257495764012,POS,2023-06-11,0.0,0.0,0.0,1,1,1,2023,6
0.5966362801791015,1.184789984909162,1.0188473201992472,0.26926348692776286,BSC,9.188708071849069,8.061802274538348,32.43608597526782,38.21961193222346,20.72326583794641,0.46937843385181716,POSA,2023-06-12,1.9459101490553132,1.3862943611198906,0.0,1,1,1,2023,6
0.003663281981734267,0.0034949854170829952,0.0033902466139863335,0.0031669798212033357,ETH,6.054439346269371,4.875197323201151,47.845104421827536,50.682800851016665,26.763520548226207,0.0027282748711589255,POS,2023-06-13,1.6094379124341003,0.0,0.6931471805599453,1,1,1,2023,6
0.8197798314933114,0.4637340162321401,0.010346292054144302,0.011216855205165117,ETH,5.236441962829949,4.663439094112067,30.62154122734103,32.45886989651757,18.420680753952364,0.8197798314933114,POS,2023-06-14,0.0,0.0,0.0,1,1,1,2023,6
0.04783732941416013,0.005385472276337817,0.0015987213636970278,0.001199280575482097,ETH,3.1780538303479458,3.091042453358316,37.58983337946477,37.63547874318339,20.72326583794641,0.01587334915629015,POS,2023-06-14,3.7612001156935624,1.791759469228055,3.1780538303479458,1,1,1,2023,6
2.1015999977916386e-09,2.6369999999652308e-11,5.734189998355952e-10,2.254974575257218e-05,ETH,4.882801922586371,4.248495242049359,43.07923247288268,44.39599061266941,24.2723083459013,1.3829999990436556e-09,POS,2023-06-16,0.0,6.883462586413092,0.0,1,1,1,2023,6
3.3999999942199996e-09,3.499999993875e-09,2.499999996875e-09,1.6999999985549998e-09,BSC,9.352447388601012,8.10832229017324,59.31954104440076,65.04021952969225,34.538776394910684,3.19999999488e-09,POSA,2023-06-17,1.3862943611198906,0.0,3.7376696182833684,0,1,1,2023,6
3.229947836623248e-05,3.52393790857873e-05,2.6729642759916006e-05,1.97098057605023e-05,ETH,7.2868764117507,5.081404364984463,35.982606810138314,39.214881496870994,20.72326583794641,3.229947836623248e-05,POS,2023-06-18,1.9459101490553132,0.0,0.6931471805599453,1,1,1,2023,6
0.00077969595809152,0.0012891686648714065,7.299733562966523e-05,5.499848755545605e-05,ETH,3.4339872044851463,3.2188758248682006,45.6104793377233,46.11096929582605,25.3284360229445,0.00077969595809152,POS,2023-06-19,4.430816798843313,2.0794415416798357,2.772588722239781,1,1,1,2023,6
0.0001986802617696143,0.0002775614762492973,0.0004877810154951201,0.0003966213353584879,ETH,5.857933154483459,5.556828061699537,47.26143123614617,50.70945952405889,26.763520548226207,6.733773276398322e-05,POS,2023-06-23,1.6094379124341003,0.0,2.0794415416798357,1,1,1,2023,6
0.011632084229707653,0.004091617903253565,0.00608147031586796,0.0005998200719676155,ETH,3.332204510175204,3.2188758248682006,37.2133081694397,37.33702974604112,20.72326583794641,0.004888034072775961,POS,2023-06-23,0.0,2.1972245773362196,0.0,1,1,1,2023,6
0.14630483869564323,0.24520480246867585,0.20672794956555285,0.1741348032570603,BSC,7.02108396428914,5.849324779946859,29.718887151132797,32.86874517586588,18.420680753952364,0.14630483869564323,POSA,2023-06-25,1.9459101490553132,6.705639094860003,2.302585092994046,1,1,1,2023,6
1.385990395108749e-05,4.759886715594877e-05,3.5799935918152944e-06,2.759996191207008e-06,ETH,6.568077911411976,4.553876891600541,47.53053792136961,51.3594611018533,26.07037336766864,1.385990395108749e-05,POS,2023-06-26,1.3862943611198906,5.081404364984463,0.0,1,1,1,2023,6
1.3209999912747952e-08,9.756999524004787e-08,2.2026997574056711e-07,1.6415898652591284e-07,ETH,8.575084669832014,6.4457198193855785,38.7542270673873,41.42995183279224,23.82253362049242,1.3209999912747952e-08,POS,2023-06-27,0.6931471805599453,0.0,2.995732273553991,1,1,1,2023,6
2.7699999996163554e-10,2.4999999996875e-10,2.2999999997355e-10,2.199999999758e-10,ETH,3.4339872044851463,2.995732273553991,37.21337185728024,37.36424732373015,20.72326583794641,2.7699999996163554e-10,POS,2023-06-29,0.0,0.6931471805599453,0.0,1,1,1,2023,6
0.5895074058001856,0.5895074058001856,0.5895074058001856,0.5895074058001856,ETH,4.430816798843313,3.713572066704308,30.679951358862883,30.945875064175457,17.989897843244528,0.5895074058001856,POS,2023-06-30,0.0,0.0,0.0,1,1,1,2023,6
1.6539999999863213e-11,2.2779999999974056e-12,1.1869999999295515e-10,9.355999999562326e-11,FANTOM,4.787491742782046,2.8903717578961645,4.059904288985293,4.181731799371033,4.61512051684126,1.6539999999863213e-11,POS(Lachesis),2023-07-01,0.0,0.6931471805599453,0.0,1,1,1,2023,7
2.216199975442288e-08,5.97899998212578e-09,3.825999992680862e-09,5.145999986759342e-09,ETH,6.715383386334681,5.575949103146316,118.27049819456705,17.946615115183718,22.33270374958051,2.216199975442288e-08,POS,2023-07-02,2.3978952727983707,0.0,0.6931471805599453,1,1,1,2023,7
5.714988366945087e-07,5.754768344131748e-07,5.754768344131748e-07,2.545999996758942e-09,ETH,6.403574197934815,5.730099782973574,63.801925715831224,66.53231546673193,26.858830728030316,5.714988366945087e-07,POS,2023-07-02,2.0794415416798357,0.0,0.6931471805599453,1,1,1,2023,7
0.004974606103993972,0.0014988761237358919,0.000699755114273342,0.00029995500899797546,ETH,10.067560274273285,7.761319180947987,6.148782236700791,9.853128032571826,9.575400065449308,0.0038924147153438387,POS,2023-07-02,2.302585092994046,1.791759469228055,1.0986122886681098,1,1,1,2023,7
9.49995487528579e-06,1.0999939500443663e-05,1.2499921875651037e-05,1.356990792838294e-05,ETH,6.742880635791903,5.926926025970411,40.71473332506942,43.695717873060424,24.2723083459013,8.20996629813446e-06,POS,2023-07-06,0.0,0.0,4.060443010546419,1,1,1,2023,7
0.005189511163546865,0.01026414299512547,0.0008181652115454449,0.0004392035360050547,ETH,9.512812529900598,7.639161171659173,31.5815075449651,35.82259143981695,20.715826310505175,0.005186526687300061,POS,2023-07-06,1.6094379124341003,2.0794415416798357,1.0986122886681098,1,1,1,2023,7
1.8399983072020763e-06,5.799998318000649e-07,1.139999350200494e-06,0.0004199118246882234,ETH,3.970291913552122,3.828641396489095,31.51396075709774,32.14672006710988,18.420680753952364,1.3999990200009148e-06,POS,2023-07-07,4.454347296253507,0.0,1.6094379124341003,1,1,1,2023,7
2.27199999997419e-11,4.8564199999882074e-12,6.956999999758e-11,1.5069999998864476e-10,ETH,7.367077059881012,5.863631175598097,60.66916467474632,0.0,135.99914654945317,2.27199999997419e-11,POS,2023-07-08,3.9512437185814275,0.0,3.5553480614894135,1,1,1,2023,7
0.02588117426370294,0.03369973131132162,0.062410320624525825,0.07054979219000557,BSC,7.732807530422021,6.07073772800249,29.129789807066235,32.49789215695321,18.420680753952364,0.024624317575393226,POSA,2023-07-11,0.6931471805599453,0.6931471805599453,1.3862943611198906,1,1,1,2023,7
0.014945753718302644,0.4961945091168243,0.8459871446316238,0.9171831335652909,BSC,9.218110109240543,5.293304824724492,83.43476584772954,89.20279724957821,36.430869767860685,0.0057464574415799045,POSA,2023-07-11,5.6131281063880705,2.3978952727983707,1.3862943611198906,1,1,1,2023,7
6.6199780878967055e-06,8.57996319201054e-06,1.4749891219819671e-05,1.2169925946150824e-05,ETH,6.555356891810665,5.808142489980444,42.48962211510353,45.66038420268163,24.922870909841006,6.6199780878967055e-06,POS,2023-07-11,0.6931471805599453,0.0,1.3862943611198906,1,1,1,2023,7
1.0139948590547528e-05,1.0299946955364238e-05,1.0439945503579294e-05,1.0559944243592526e-05,ETH,5.53338948872752,4.7535901911063645,42.91128359074463,45.1469320041591,24.331477388019994,1.0049949499088356e-05,POS,2023-07-13,0.0,0.0,0.0,1,1,1,2023,7
0.0,0.0,0.0,1.7334238922150915,BSC,7.655864017616056,6.295266001439646,165.78398505475107,170.97879204492946,15.424948670398354,5.293304824724492,POSA,2023-07-13,1.0986122886681098,0.0,0.0,1,1,1,2023,7
0.0008604696897505451,0.0008266382404456983,0.0007823938500936059,0.0007980115041041634,BSC,12.096313581537434,9.972966972305931,40.152461197883284,48.3981140386503,25.3284360229445,0.0006652686597243327,POSA,2023-07-14,0.0,0.6931471805599453,6.853299093186078,1,1,1,2023,7
0.465726369799657,0.5822575184162474,0.9182887345368281,0.7168637071772613,ETH,6.907755278982137,5.111987788356544,11.180864107084169,14.849489878475474,8.343045080865302,0.429138013982443,POS,2023-07-19,5.4680601411351315,8.46611040118692,4.356708826689592,1,1,1,2023,7
0.5068176023684519,1.589235205116581,1.33500106673234,1.252762968495368,ETH,12.682843947331007,10.250723085080114,28.920919760672763,36.25940308329586,20.72326583794641,0.5068176023684519,POS,2023-07-19,5.823045895483019,4.882801922586371,6.874198495453294,0,1,1,2023,7
1.2799999918080001e-08,1.3099999914195001e-08,1.4799998904800108e-07,1.529999882955012e-07,ETH,5.662960480135946,5.153291594497779,50.996778438111704,0.0,31.871196126362204,4.32999999062555e-09,POS,2023-07-21,1.0986122886681098,0.0,0.0,1,1,1,2023,7
4.8068844674574176e-05,4.3479054772198904e-05,7.591711822265545e-05,6.15481058764718e-05,ETH,6.2285110035911835,5.236441962829949,40.70335109059534,42.86507565411899,23.888740885087497,4.8068844674574176e-05,POS,2023-07-22,0.6931471805599453,0.6931471805599453,0.0,1,1,1,2023,7
0.0011013932437226998,0.0011373529688344537,0.001967064060326939,0.0016156940631104294,ETH,8.131824785007195,5.407171771460119,39.620250596554776,43.18332950203161,23.025850930040455,0.0011013932437226998,POS,2023-07-22,0.0,0.0,4.804021044733257,1,1,1,2023,7
0.04085399400826605,0.16915188274531232,0.13190507087993858,0.042101176018635396,BSC,13.582151253075402,9.555843138911664,28.77699184434144,34.27205483620071,20.72326583794641,0.03536714383729131,POSA,2023-07-23,4.07753744390572,0.0,6.901737206656574,0,1,1,2023,7
3.1539950261524585e-06,4.124991492210896e-06,7.1089747311792575e-06,5.859982830267076e-06,ETH,5.003946305945459,4.454347296253507,45.799887150774246,47.80832272882242,25.43379653860033,2.8419959615256514e-06,POS,2023-07-23,0.0,0.0,0.6931471805599453,1,1,1,2023,7
7.540679944369933,7.873502619568884,8.311641492101042,8.267387338948135,ETH,7.467942332285852,6.22455842927536,37.735694887772084,39.701825782475495,23.051268183046602,7.523729796015515,POS,2023-07-24,0.0,7.719129840906732,0.0,1,1,1,2023,7
0.8458682675776092,2.244955980157409,1.6486586255873816,1.308332819650179,ETH,12.499730576916544,9.638675294175094,29.19711887215859,36.348237963001964,20.111122219924724,0.12221763272424921,POS,2023-07-25,2.302585092994046,3.1780538303479458,4.7535901911063645,0,1,1,2023,7
1.2107497886049596,1.7130769471935863,2.483322061657762,1.9315214116032138,ETH,5.407171771460119,5.043425116919247,35.12951570855718,38.333114313725396,20.72326583794641,1.1887576385194556,POS,2023-07-26,7.450660796211539,8.81001204797317,1.0986122886681098,1,1,1,2023,7
0.019680855176373715,0.0003080225561813114,0.005860344587197258,0.0013354578790408659,BSC,8.463792414689122,7.045776576879511,11.963638569308472,16.869212971152866,9.90353755128617,0.01081708382713067,POSA,2023-07-27,2.302585092994046,0.6931471805599453,2.8903717578961645,1,1,1,2023,7
1.7699843356848384e-05,1.7899839796911756e-05,2.7599619127008045e-05,3.189949120582033e-05,ETH,7.114769448366463,5.529429087511423,41.44469728437401,43.802160579927744,24.5441740538081,3.6899931919667477e-06,POS,2023-07-27,0.0,0.0,0.0,1,1,1,2023,7
0.3852624007906449,0.7178397931503169,0.6961426895397438,0.4510756193602166,ETH,10.644829481945742,7.845416036592485,27.52207115101192,32.08638701642453,18.778355195217188,0.14496577025018573,POS,2023-07-27,4.31748811353631,4.90527477843843,6.415096959171596,0,1,1,2023,7
0.006330917384444054,0.0026376882397818715,0.0005287002134081895,0.0003048535274410822,ETH,6.839476438228843,4.584967478670572,65.18551640230373,65.96297850159485,20.72326583794641,0.0012192963559880384,POS,2023-07-28,5.780743515792329,1.791759469228055,6.324358962381311,1,1,1,2023,7
0.6951451832226183,0.6961426895397438,0.6976370858327973,0.6946460566836812,ETH,10.052596975123969,7.8504931808711405,33.497511835494564,38.42325980788322,21.48562493393188,0.6936470556015963,POS,2023-07-28,1.6094379124341003,0.0,7.1631723908466425,0,1,1,2023,7
1.919998156802359e-06,1.9379981220804263e-06,1.9619980752805173e-06,1.989998019952627e-06,ETH,5.030437921392435,4.276666119016055,46.26387763075545,25.265779351971535,25.43379653860033,1.8799982328022149e-06,POS,2023-07-29,0.0,,0.0,1,1,1,2023,7
0.021056742525610135,0.01822294888841935,0.050331832331002586,0.029199514404427827,BASE,12.971300924092962,11.348003650856143,29.56342857289978,39.25312455172212,20.72326583794641,0.016434215463420655,POS,2023-08-01,6.4692503167957724,0.6931471805599453,4.762173934797756,1,1,1,2023,8
0.1380212978973747,0.6205764877251099,0.5187937934151675,0.3293037471426004,ETH,13.663152769945537,10.94963041685042,27.788160500484647,35.98846820874172,20.72326583794641,0.008662373078652657,POS,2023-08-01,1.0986122886681098,0.6931471805599453,5.860786223465865,0,1,1,2023,8
0.0,0.0,0.0,15.30135767732083,BSC,11.294097587723622,9.267004219093725,41.92493104405147,49.29157493235815,26.07037336766864,0.0,POSA,2023-08-02,0.0,0.0,0.0,1,1,1,2023,8
4.519989784830781e-06,6.389979584036972e-06,9.959950399529347e-06,5.6298415214482e-05,ETH,5.971261839790462,4.9344739331306915,44.045519732663884,45.850940429399216,25.3284360229445,1.4599989342010373e-06,POS,2023-08-03,0.0,0.0,0.0,1,1,1,2023,8
0.0001939811844334406,0.00017198520969593056,9.999500033330834e-05,4.9998750041665106e-05,ETH,7.005789019253503,5.932245187448011,30.290466211653943,34.56506995420809,18.420680753952364,0.0001939811844334406,POS,2023-08-03,0.0,0.0,0.0,1,1,1,2023,8
0.0012891686648714065,0.0001699855516374579,0.0004199118246882234,0.0001699855516374579,ETH,3.713572066704308,2.995732273553991,40.63668373377321,40.779993667796624,23.025850930040455,0.001199280575482097,POS,2023-08-08,8.049107721326406,0.6931471805599453,4.248495242049359,1,1,1,2023,8
4.6500118852715584e-05,7.87381000744381e-05,1.0396045960926925e-05,8.803266251137948e-06,ETH,6.717804695023691,5.147494476813453,39.65399344792774,41.50764221983628,23.408797726686203,4.6500118852715584e-05,POS,2023-08-10,1.3862943611198906,0.0,1.791759469228055,1,1,1,2023,8
5.749983468813369e-06,6.24998046883138e-06,6.79997688010481e-06,7.619970967947483e-06,ETH,6.306275286948016,4.983606621708336,43.13537813523753,45.12137111938635,24.655091469690344,5.019987399842168e-06,POS,2023-08-10,0.0,0.0,0.0,1,1,1,2023,8
0.6981347220709844,0.6956440607585325,0.6951451832226183,0.6971392018294827,ETH,12.836876227679618,9.82730820579731,27.62316959171847,34.514260711587795,19.65393384798307,0.6877828180607946,POS,2023-08-10,2.3978952727983707,6.898714534329988,5.814130531825066,0,1,1,2023,8
1.04879e-26,1.20104e-27,6.65321e-28,3.455e-28,ETH,6.726233402358747,5.480638923341991,71.98039865247193,38.72843110234706,38.72843113693711,5.810169999999999e-27,POS,2023-08-13,3.713572066704308,0.0,0.6931471805599453,1,1,1,2023,8
4.7399887662354985e-06,8.217966232423e-06,9.644953487286577e-06,7.2959733843214584e-06,ETH,8.134467570277563,5.389071729816501,58.38669830695232,58.06159764941858,32.23619130191665,2.0953178048201154e-06,POS,2023-08-14,0.0,3.8918202981106265,1.0986122886681098,1,1,1,2023,8
3.975920959215101e-05,3.975920959215101e-05,3.86592527214598e-05,3.86592527214598e-05,ETH,5.872117789475416,4.709530201312334,39.32528430956106,41.02406140951548,22.61938532164886,3.975920959215101e-05,POS,2023-08-16,0.0,0.0,0.0,1,1,1,2023,8
2.845490610223448,2.6905648867611904,2.7285062096695922,1.8484548129046001,ETH,11.582311592455236,8.799963219506997,26.236461707066173,32.041117230437045,18.420680753952364,1.6695918352538475,POS,2023-08-17,4.770684624465665,2.0794415416798357,6.486160788944089,0,1,1,2023,8
0.04305948946044697,0.35767444427181594,0.21268909341035083,0.1397619423751587,ETH,14.913055610671961,10.650507198560563,29.40309428041705,36.566554006118004,21.41240606588736,0.04305948946044697,POS,2023-08-20,5.817111159963204,0.0,5.831882477283517,0,1,1,2023,8
0.004419220843457523,0.0047526880644804355,0.0017616374052570646,0.0011079659789442107,BSC,11.02423634419972,7.022868086082641,16.57056554190278,20.921419934253873,12.611541086966115,0.0021048133254765837,POSA,2023-08-20,2.302585092994046,0.0,5.351858133476067,1,1,1,2023,8
0.00010280471541415241,0.00015530793909765008,0.00023686194599433814,0.0002661245857109721,BSC,9.153558357877198,6.71295620067707,29.80877356289355,34.84623923280624,18.420680753952364,0.00010280471541415241,POSA,2023-08-22,4.060443010546419,0.0,0.0,1,1,1,2023,8
3.6116932876390004,3.191656723390909,3.3442460052120166,3.0544444796333226,ETH,7.881182202227102,5.111987788356544,22.0110091195162,26.392559571288306,13.815511557963774,3.6116932876390004,POS,2023-08-23,1.3862943611198906,0.0,2.6390573296152584,1,1,1,2023,8
0.08709470685093376,0.10436001532424277,0.07510747248680541,0.023716526617316044,BSC,11.607653657270857,8.73761303680885,33.95939851651334,39.84409648472212,22.33270374958051,0.027615167032973367,POSA,2023-08-23,4.983606621708336,8.610865667278873,5.575949103146316,0,1,1,2023,8
0.5226109037332031,0.10132207211079161,0.08359638587283409,0.05119678973112597,ETH,8.14351740579748,4.736198448394496,41.25328026823622,22.99062437182815,23.025850930040455,0.2719001911121825,POS,2023-08-25,4.04305126783455,2.302585092994046,2.1972245773362196,1,1,1,2023,8
0.0008026777679899978,1.9429811239995064e-05,2.7099632801634036e-05,3.8019277258119034e-05,ETH,9.351926736038054,6.815639990074331,38.673253482805094,43.660097427286715,23.025850930040455,0.0008026777679899978,POS,2023-08-30,1.3862943611198906,0.0,3.871201010907891,1,1,1,2023,8
32.87254645562638,32.87254645562638,32.87254645562638,32.87254645562638,BSC,6.226536669287466,3.58351893845611,48.08974803238358,49.57520028122919,18.603002309079653,32.87254645562638,POSA,2023-09-01,0.0,0.0,0.0,1,1,1,2023,9
0.0002692637452637876,0.000252878023657261,0.0002818002905681623,0.0003351738229780147,BSC,7.244941546337007,4.584967478670572,32.26549725967483,18.420110074814122,18.420680753952364,0.4054651081081644,POSA,2023-09-01,1.3862943611198906,9.019300924562506,1.0986122886681098,1,1,1,2023,9
1.5999987200013651e-06,1.8999819502286302e-05,1.0999939500443663e-05,0.00013999020091457062,ETH,8.861917004235215,8.861917004235215,42.98385354087407,49.22753680678026,27.63102111592955,7.999996800001706e-07,POS,2023-09-06,0.6931471805599453,0.0,3.6888794541139363,0,1,1,2023,9
0.1397619423751587,0.31115442863692305,0.2707902047815628,0.262364264467491,POLYGON,14.679085510514525,9.527993782923948,29.8776486610815,36.35737663701345,20.72326583794641,0.037295784743696894,POS,2023-09-08,3.1780538303479458,1.0986122886681098,2.0794415416798357,0,1,1,2023,9
0.1707549204224892,0.04057556415878765,0.015302320008442578,0.004767616831867128,BSC,7.1569563646156364,3.8918202981106265,38.85429343263191,41.57955576505463,21.416413018006356,0.04382547954002956,POSA,2023-09-08,2.0794415416798357,0.6931471805599453,1.0986122886681098,1,1,1,2023,9
1.4999988750011252e-06,7.599999711200014e-08,7.299999733550014e-08,9.49999954875003e-08,BSC,9.133783249254028,7.034387929915503,43.25004551622842,49.030771628394426,25.3284360229445,1.5e-20,POSA,2023-09-13,11.263194068746921,0.0,3.970291913552122,0,1,1,2023,9
0.5577666507631612,0.017270011164954035,0.017097992674999642,0.01701443015912944,BSC,7.2640301428995295,6.030685260261263,76.86478084571418,79.25542397794423,20.72326583794641,0.5354056446523006,POSA,2023-09-15,3.58351893845611,0.0,2.8903717578961645,1,1,1,2023,9
2.5553651134365616,1.052568350166703,0.42925441853500806,0.3931172865696078,BSC,6.638567789166521,5.7430031878094825,20.705655731556654,35.67141160541189,20.72326583794641,2.5553651134365616,POSA,2023-09-18,1.3862943611198906,2.3978952727983707,6.09807428216624,1,1,1,2023,9
3.8400972658565573,3.2809112157876537,2.5087859235779435,1.1019068556175398,BSC,8.057060681965766,6.437751649736401,76.45691071231523,79.30948820651008,20.72326583794641,3.5210523434704344,POSA,2023-09-19,1.3862943611198906,4.68213122712422,0.0,1,1,1,2023,9
0.003792798238696237,0.0017983819413793735,0.0009495490355881948,5.772966438994861,ETH,8.778017809698136,7.400009517162692,35.82506094416469,40.30483785140813,22.320631168348672,0.00077969595809152,POS,2023-09-19,1.3862943611198906,5.7745515455444085,3.1354942159291497,1,1,1,2023,9
3.8366526984033693,2.9595868269176377,2.514465452029545,1.2612978709452054,BSC,8.057060681965766,6.453624998892692,76.45691041941294,79.33765828467168,20.72326583794641,3.3467411958660964,POSA,2023-09-20,1.3862943611198906,4.61512051684126,1.0986122886681098,1,1,1,2023,9
0.0006884729481017144,0.0013737260062164742,0.0011383518316291624,0.0010244750461878146,ETH,4.859812404361672,4.110873864173311,36.57293420092136,37.9833453225476,20.72326583794641,0.00033144506601507533,POS,2023-09-20,0.0,0.0,0.0,1,1,1,2023,9
0.03530922710223453,0.02178106106165735,0.0227883616304312,0.014376165944507108,BSC,10.295090354651144,8.571870752706934,23.65787976334036,30.04733943806009,16.91280016082604,0.028227819789867437,POSA,2023-09-21,4.795790545596741,4.127134385045092,5.049856007249537,1,1,1,2023,9
2.5419676917275165e-05,5.6699839256107615e-06,6.386796039839577e-05,9.939950598527366e-06,ETH,2.0794415416798357,1.791759469228055,38.713378846233134,38.71098068661677,20.72326583794641,2.5419676917275165e-05,POS,2023-09-21,1.0986122886681098,0.0,1.3862943611198906,1,1,1,2023,9
9.923829250194043,9.058586816748646,8.986946789406764,9.073603848402712,ETH,3.7376696182833684,3.713572066704308,29.745762514513203,30.271068606523045,17.50439003707821,9.741262697441297,POS,2023-09-22,7.065613363597717,6.853299093186078,4.143134726391533,1,1,1,2023,9
26.56310738362183,22.230406005533897,22.067721324981495,25.43811744004676,BSC,10.786118082917648,8.276394704863307,29.5487573027012,35.96080193235608,19.47747476809776,24.792395985855904,POSA,2023-09-23,0.0,0.0,8.692993531219926,1,1,1,2023,9
4.14799139707179e-06,4.073991701284539e-06,4.073991701284539e-06,4.073991701284539e-06,ETH,4.31748811353631,4.143134726391533,64.52056499489429,67.08195779762347,34.53884305935522,4.14799139707179e-06,POS,2023-09-26,0.6931471805599453,0.0,0.0,1,1,1,2023,9
2.3039734583276793e-05,4.392903510580843e-05,3.611934768850761e-05,3.305945353024416e-05,ETH,5.272999558563747,4.204692619390966,40.41597709607074,43.48724577853991,22.53155460828961,2.3039734583276793e-05,POS,2023-09-30,2.0794415416798357,0.0,1.3862943611198906,1,1,1,2023,9
0.019547692842368788,0.039422615846483794,0.06022360024156002,0.02390791455147691,BSC,9.965146932922856,6.902742737158593,25.852764158504765,26.28526980180077,16.860033043306743,0.017452023653557403,POSA,2023-10-01,6.994849985833071,0.6931471805599453,0.0,1,1,1,2023,10
3.084995241397287e-06,3.295994568203935e-06,4.207991146392838e-06,4.216991108480496e-06,ETH,1.791759469228055,1.3862943611198906,51.509797896509646,50.015060358806195,26.937873935370604,3.084995241397287e-06,POS,2023-10-09,0.0,0.0,0.0,1,1,1,2023,10
1.1189937392417053e-05,6.79997688010481e-06,1.2679919609479568e-05,1.8239833653222778e-05,ETH,11.445256716445408,8.213652703029998,46.08233955797708,52.58546986581191,27.63102111592955,1.052994455993919e-05,POS,2023-10-09,1.6094379124341003,1.9459101490553132,3.091042453358316,1,1,1,2023,10
0.9555114450274363,0.4637340162321401,0.2151113796169455,6.651210051033897,BSC,10.19820730233956,7.268920128193722,29.284519980797427,18.276284570014717,18.420680753952364,18.4306314411421,POSA,2023-10-09,2.302585092994046,0.6931471805599453,1.9459101490553132,1,1,1,2023,10
1.904999981854875e-08,4.6629998912821587e-08,2.040999979171595e-08,8.509999637899522e-08,ETH,6.304448802421981,5.247024072160486,35.30949847037545,38.9403189632141,20.72326583794641,2.099999997795e-09,POS,2023-10-12,0.0,0.6931471805599453,0.0,1,1,1,2023,10
0.6884361008298261,0.4802571319594527,0.4636648314489911,0.2103419594770008,BSC,7.957177323459475,7.005789019253503,75.88818008467018,79.10882773408518,20.72326583794641,0.2456875157491043,POSA,2023-10-12,5.831882477283517,6.976348070447749,3.4339872044851463,1,1,1,2023,10
0.6884361008298261,0.4578677869012127,0.20440915325795941,0.16957398397145196,ETH,7.957177323459475,7.005789019253503,75.88818023807215,79.10882651275342,20.72326583794641,0.18813794211539445,POSA,2023-10-13,6.293419278846481,6.966967138613983,4.290459441148391,1,1,1,2023,10
9.659999999995332e-13,7.299999999999734e-14,5.199999999999865e-14,3.8999999999999234e-14,ETH,3.8501476017100584,3.295836866004329,59.82673183146101,31.543044121356715,32.23619130191665,2.859999999999591e-13,POS,2023-10-14,5.318119993844216,0.6931471805599453,4.59511985013459,1,1,1,2023,10
9.659999999995332e-13,1.2599999999999204e-13,5.499999999999849e-14,5.09999999999987e-14,ETH,3.8501476017100584,3.295836866004329,59.82673203163684,31.543044121356715,32.23619130191665,9.659999999995332e-13,POS,2023-10-15,5.241747015059643,0.6931471805599453,4.59511985013459,1,1,1,2023,10
1.9699980595525484e-06,1.1569999330675551e-07,2.1719997641208344e-07,1.6699998605550154e-07,ETH,10.100779820259904,8.174421152646497,29.299107138726356,33.97684753350773,19.908393796849573,1.9699980595525484e-06,POS,2023-10-16,9.635673464721814,1.6094379124341003,2.9444389791664403,1,1,1,2023,10
6.429997932755886e-07,1.379999047800876e-06,2.3599997215200438e-07,2.249999746875038e-07,BSC,8.374015421739909,7.050989447068045,75.84293980458813,79.39649398885891,20.72326583794641,2.2999997355000404e-07,POSA,2023-10-24,1.6094379124341003,0.0,5.2832037287379885,1,1,1,2023,10
0.006776984279023751,0.012254604666999012,0.016857117066422903,0.016857117066422903,BSC,6.940222469119639,5.662960480135946,29.5039328205042,32.641311454913414,18.420680753952364,0.002895803112025565,POSA,2023-10-24,1.791759469228055,0.0,0.0,1,1,1,2023,10
0.24648109987841435,0.5377855177887325,0.6325199337400652,0.30377045754130555,BSC,7.521859252201629,6.894670039433482,75.9994059627238,79.59715055578265,20.72326583794641,0.13653761939334602,POSA,2023-10-24,2.302585092994046,7.53955882930103,4.51085950651685,1,1,1,2023,10
0.0007380275906266476,0.0008888048958803749,0.0015927309304189549,0.0010454533231827564,BSC,3.4011973816621555,3.2188758248682006,88.81459830625852,89.15726068087085,13.815511557963774,2.268974258584381e-05,POSA,2023-10-25,0.6931471805599453,3.871201010907891,1.6094379124341003,1,1,1,2023,10
0.00016598622352457552,8.249965968937172e-06,3.684932105542935e-05,1.3489909010768297e-05,ETH,7.106606137727303,5.777652323222656,42.00937637209214,44.66050378179493,,0.00016598622352457552,POS,2023-10-25,4.51085950651685,1.6094379124341003,1.791759469228055,1,1,1,2023,10
0.24639121803390018,0.6307397204313283,0.412109650826833,0.165599180649566,BSC,12.926384989162761,9.387816877106937,27.395225646276177,36.09383661160471,20.030118658386467,0.156661810013377,POSA,2023-10-25,1.0986122886681098,3.5263605246161616,4.276666119016055,0,1,1,2023,10
7.019999753598012e-08,2.1849999761288752e-08,2.2769999740763556e-08,2.7859996119102725e-07,ETH,8.109826276018477,5.638354669333745,47.03821084801775,50.13319847186068,26.76262456509246,7.024999753246887e-08,POS,2023-10-26,6.29156913955832,0.0,0.6931471805599453,1,1,1,2023,10
2.0421290067958564,1.9223490389316569,1.5918847531865112,2.1981130713973345,ETH,10.561784455660327,7.295735072749282,17.088150184247702,22.099889236335596,13.122365377402328,0.6120900418585298,POS,2023-10-26,1.0986122886681098,0.6931471805599453,2.995732273553991,1,1,1,2023,10
0.045928931888399804,0.21913552991667093,0.1578580846155803,0.07788653865707124,BSC,14.699818860985188,10.820058245217599,32.413177359933854,40.816181712683054,22.33270374958051,0.011928570865273802,POSA,2023-10-29,8.074337694089515,0.6931471805599453,6.851184927493743,0,1,1,2023,10
2.740388309014155,3.043903198415284,2.909029939714698,2.5261285643295825,BSC,7.949091499830517,6.677083461247136,76.21723825031056,79.25542377294887,20.72326583794641,1.1869283697166775,POSA,2023-11-01,6.100318952020064,7.421177528595393,3.4657359027997265,1,1,1,2023,11
1.4519894585820407e-05,3.039995379209365e-06,3.2629994676416657e-07,5.301998594440297e-07,ETH,4.700480365792417,4.553876891600541,67.69917369412185,71.06023401701691,23.025850930040455,6.029981819623085e-06,POS,2023-11-01,3.6375861597263857,6.144185634125646,4.007333185232471,1,1,1,2023,11
3.019497627104253,3.0578146558505344,2.775646542339019,2.123578037167921,ETH,6.6895992691789665,4.532599493153256,62.223402162687876,65.12351701738169,26.427048311605944,1.2149127443642704,POS,2023-11-01,6.1463292576688975,7.456454555176209,1.3862943611198906,1,1,1,2023,11
3.99999999999992e-14,5.99999999999982e-14,4.999999999999875e-14,4.999999999999875e-14,ETH,3.8501476017100584,3.4657359027997265,56.29058063756833,2.2201467834953377,18.826145858727198,2.999999999999955e-14,POS,2023-11-01,0.6931471805599453,7.479299637782834,3.2188758248682006,1,1,1,2023,11
1.1954364733036495,0.262364264467491,0.2776317365982795,0.3784364357202451,ETH,6.366470447731438,5.749392985908253,0.8107877588261108,3.2308043957334744,5.926926025970411,0.16678481764482547,POS,2023-11-02,5.8971538676367405,1.0986122886681098,2.9444389791664403,1,1,1,2023,11
0.017839918128331,0.018821754240587758,0.04964693988941377,0.03149866705937099,POLYGON,11.203992517016918,6.651571873589727,29.297546921399427,32.30439275578142,19.34752598939931,0.012916225266546327,POS,2023-11-03,0.6931471805599453,0.0,1.0986122886681098,0,1,1,2023,11
0.0418814970491749,0.055536915477302155,0.04262261243437927,0.03000443108959825,ETH,6.905753276311464,4.394449154672439,63.37655191553183,64.42177097888198,24.957372341558163,0.024241779272984706,POS,2023-11-03,7.930565854233965,8.427487278331744,3.7612001156935624,1,1,1,2023,11
2.4997952622817508,1.8229350866965048,1.420695787837223,2.9444389791664403,BSC,11.41122491014389,7.644919344958857,18.029059136214517,23.06502009654038,13.652992804936396,2.4997952622817508,POSA,2023-11-05,1.3862943611198906,1.0986122886681098,4.204692619390966,0,1,1,2023,11
0.031411453954093095,0.04507852263744116,0.044284792110303166,0.02090985722807468,ETH,5.627621113690637,5.093750200806762,25.5360133414689,32.172136886920114,32.23619130191665,0.019577111673364626,POS,2023-11-08,0.6931471805599453,8.898502209646642,0.0,1,1,1,2023,11
2.5039686504433275e-05,8.629962761764244e-06,4.479989964829972e-06,1.8199983438020093e-06,ETH,9.863966794373844,8.552946361122055,45.12794317422102,51.90199219875873,27.63102111592955,7.345999730181433e-08,POS,2023-11-08,6.61472560020376,4.762173934797756,4.9344739331306915,1,1,1,2023,11
0.7153977894947651,0.15538705805374994,0.2757360014333804,0.139762811939998,BSC,3.4657359027997265,3.295836866004329,88.76533591831547,89.24865092898601,13.815511557963774,0.32620542712253237,POSA,2023-11-14,1.9459101490553132,1.791759469228055,0.0,1,1,1,2023,11
6.109998133395761e-07,2.8599959102077983e-06,4.139991430223653e-06,8.269996580356885e-07,BSC,3.6375861597263857,3.4339872044851463,62.44925604524835,21.152215823179265,13.815511557963774,6.109981334026033e-06,POSA,2023-11-14,9.729193687429403,1.6094379124341003,4.356708826689592,1,1,1,2023,11
0.0010594385966899815,0.0016047117610900248,0.0011733114008908756,0.000853235890707729,BSC,3.4339872044851463,3.258096538021482,88.81507266637865,89.5455341520591,13.815511557963774,0.0007956833600191419,POSA,2023-11-14,2.1972245773362196,1.0986122886681098,4.624972813284271,1,1,1,2023,11
0.06765864847381481,0.03633192924739028,0.010939940038334362,0.008265744417032619,ETH,9.62185381861855,7.277247726631484,34.34602540879171,38.481995927632404,21.821878125947855,0.06765864847381481,POS,2023-11-14,1.3862943611198906,0.0,2.3978952727983707,0,1,1,2023,11
4.7339988794625534e-07,2.0489997900799786e-07,1.24199999228718e-08,9.321999956550159e-09,BSC,10.352427134229572,8.918784137975802,96.4688575307041,52.69375397311953,52.69375397313006,2.0099997979950272e-07,POSA,2023-11-15,1.3862943611198906,0.6931471805599453,1.0986122886681098,1,1,1,2023,11
0.06131520683711086,0.037022144224693194,0.030397285567586207,0.012112348443543289,BSC,3.332204510175204,3.1354942159291497,89.01436226707068,89.70750944763061,13.815511557963774,0.06131520683711086,POSA,2023-11-15,4.976733742420574,7.955425088912672,1.6094379124341003,1,1,1,2023,11
0.1186395576255797,0.022749750846434432,0.013735336889580287,0.009311512991093566,BSC,3.367295829986474,3.1780538303479458,88.89409284924292,89.4617797926524,13.815511557963774,0.08663266612105383,POSA,2023-11-15,0.0,0.6931471805599453,1.791759469228055,1,1,1,2023,11
0.7761087012742927,0.8355144218468673,0.5203996462002638,0.18569502690640421,BSC,3.4339872044851463,3.258096538021482,88.88652889530985,89.21503296227776,13.815511557963774,0.17590937596605974,POSA,2023-11-15,4.343805421853684,1.9459101490553132,1.0986122886681098,1,1,1,2023,11
1.1515841734342154,0.567413875094182,0.353469812989784,0.18023605030293324,ETH,7.4109518755836366,5.529429087511423,16.830069421197482,20.47818560374565,11.51293546492023,0.18023605030293324,POS,2023-11-18,1.6094379124341003,0.0,1.0986122886681098,1,1,1,2023,11
0.22554067591393126,0.04620587538892124,0.017682734852307914,0.015774919115362215,BSC,3.4965075614664802,3.295836866004329,88.84730818240752,89.70750944763061,13.815511557963774,0.22556781042208401,POSA,2023-11-19,3.7612001156935624,2.302585092994046,2.1972245773362196,1,1,1,2023,11
0.03025564676763153,0.05586980616380874,0.050619917720362895,0.01875305708216963,BSC,6.542471960506805,5.703782474656201,28.93055987303452,31.430285510568986,18.420680753952364,0.02875265214713754,POSA,2023-11-21,6.380122536899765,5.187385805840755,0.6931471805599453,1,1,1,2023,11
0.0003279462197596245,8.899603973497398e-05,9.199576825954476e-05,6.799768810480532e-05,BSC,9.828817884199099,6.816735880594968,32.02726178963381,52.37167047488136,52.37167047496095,23.745997990179816,POSA,2023-11-22,0.0,0.0,6.139884552226255,1,1,1,2023,11
0.18926572349504653,0.09981999528215312,0.05337108428629909,0.02801005014586756,BSC,10.046938334941089,7.606387389772652,38.11917176311732,22.862446097056722,23.02585088551557,0.18926572349504653,POSA,2023-11-22,2.0794415416798357,0.0,0.6931471805599453,1,1,1,2023,11
0.0010993954433009636,0.0008596304118820087,0.0005298595996059488,0.00033994221309799344,ETH,3.4339872044851463,3.332204510175204,36.47189869290695,36.64698382098635,20.72326583794641,0.0008496389545779204,POS,2023-11-25,1.0986122886681098,1.0986122886681098,1.791759469228055,1,1,1,2023,11
0.04645887740235284,0.03718113462634397,0.009023168497689363,0.0061122818877028555,BSC,6.720220155135295,5.680172609017068,30.484945143574354,33.072957594839565,19.11382792951231,0.008098121522526725,POSA,2023-11-27,6.452048954437226,2.0794415416798357,3.295836866004329,1,1,1,2023,11
0.13172977067789443,0.1615234341566714,0.08681969195256017,0.0684060326640604,ETH,13.444929368850973,9.804992305787028,29.42706613458943,36.46117117608321,20.72326583794641,0.0017983819413793735,POSA,2023-11-29,1.791759469228055,7.95892649305011,4.820281565605037,0,1,1,2023,11
0.00029995500899797546,6.850765329713114e-05,6.352798205501624e-05,4.5998942032444214e-05,BSC,11.35072413209213,8.142354276849835,37.281656486680454,44.04265465612868,23.025850930040455,0.00029995500899797546,POSA,2023-11-29,0.0,5.153291594497779,0.0,1,1,1,2023,11
0.004223070272871812,0.00719207491475967,0.006809760857479661,0.00786895837869518,ETH,10.025262609462049,7.503289630675082,32.88958954235648,38.67738330343024,20.72326583794641,0.004223070272871812,POS,2023-11-30,2.302585092994046,0.6931471805599453,4.04305126783455,1,1,1,2023,11
0.0044331590137344015,0.007319149557384322,0.006225133586900362,0.00786895837869518,ETH,10.023712049842496,7.505492274737424,32.878875352639625,38.668448513925014,20.72326583794641,0.0044331590137344015,POS,2023-11-30,2.3978952727983707,0.6931471805599453,4.02535169073515,1,1,1,2023,11
0.028587456851912555,0.005783244755727333,0.003792798238696237,0.004489905272852052,ETH,3.1780538303479458,3.1354942159291497,33.2643782064637,34.39033046135681,18.420680753952364,0.027615167032973367,POS,2023-12-01,1.3862943611198906,1.6094379124341003,1.3862943611198906,1,1,1,2023,12
0.24584393683498554,0.15126079384058366,0.030238183060609998,0.01222496962256897,ETH,5.958424693029782,3.1354942159291497,36.9291255218046,37.658476822178216,20.705263455391343,0.2199384203652614,POS,2023-12-01,6.089044875446846,0.0,0.6931471805599453,0,1,1,2023,12
1.4279898041770642e-05,1.2299992435506203e-06,6.074998154719497e-07,5.375998554931718e-07,BSC,7.271703706887368,6.396929655216146,64.81117287284653,69.01884702914914,26.07037336766864,1.0199994798003537e-06,POSA,2023-12-04,3.6635616461296463,1.6094379124341003,1.6094379124341003,1,1,1,2023,12
0.00048318324817092466,0.00016102703445116263,0.00010080491901342331,5.179865842632881e-05,ETH,6.403574197934815,4.499809670330265,18.170259462020418,51.411641696249696,18.420680753952364,5.0218739018017496e-05,POS,2023-12-06,0.6931471805599453,0.6931471805599453,6.280395838960195,1,1,1,2023,12
0.3852624007906449,0.1988508587451652,0.05259245011917058,0.018821754240587758,ETH,11.298754043454222,8.653296274408579,31.43030756790828,36.90286610484564,21.12873094572124,0.28141245943818555,POS,2023-12-07,5.66988092298052,0.0,5.4680601411351315,0,1,1,2023,12
0.33647223662121295,0.2468600779315258,0.06952606264861023,0.07138999608667293,ETH,11.652209032072614,9.013960457931187,29.936498282420246,35.24704729820318,20.72326583794641,0.2199384203652614,POS,2023-12-08,3.9512437185814275,0.6931471805599453,8.95686647085414,0,1,1,2023,12
9.999999999995e-13,1.4899999999988898e-12,6.4099999999794565e-12,4.5299999999897405e-12,ETH,3.912023005428146,3.295836866004329,14.888871946853662,25.11136149784739,25.3284360229445,1.6799999999998588e-13,POS,2023-12-08,1.791759469228055,0.0,0.0,1,1,1,2023,12
0.7514160886839212,0.7839015438284094,0.9932517730102833,0.7793248768009976,ETH,3.258096538021482,7.821643126239982,24.249903202527396,29.301460855512246,16.8253376002423,0.6312717768418579,POS,2023-12-09,0.6931471805599453,6.075346031088684,1.9459101490553132,0,1,1,2023,12
0.011049627395354386,0.0087168972192294,0.002587649146293292,0.0031669798212033357,ETH,10.621888164008205,7.930206206684683,32.21441710482029,37.80699637957018,20.72326583794641,0.0021955879318372395,POS,2023-12-13,4.74493212836325,1.9459101490553132,1.3862943611198906,1,1,1,2023,12
0.0011503381073436126,0.001120372148670421,0.0010244750461878146,0.0005898260184293876,ETH,6.8679744089702925,4.343805421853684,41.05135868332848,43.639295160080806,23.025850930040455,0.0011223699071853676,POS,2023-12-13,9.287394001418473,2.1972245773362196,4.77912349311153,0,1,1,2023,12
1.7365549999998492e-13,3.7326399999993033e-13,1.4738099999998912e-13,6.060039999999982e-15,BSC,8.587278798982926,7.01211529430638,43.44188619484573,49.01619553002424,25.3284360229445,7.539359999999716e-14,POSA,2023-12-16,0.0,1.0986122886681098,1.0986122886681098,1,1,1,2023,12
0.111183528960615,0.274824770449225,0.24138417500395987,0.1542649590114293,POLYGON,5.111987788356544,3.367295829986474,24.94203172223668,27.444165603527356,14.203145453258063,0.11336439895497753,POS,2023-12-21,2.0794415416798357,10.146472946063877,0.0,1,1,1,2023,12
0.6148153002530006,0.2382213084805553,0.11144297991018469,0.03883602378519814,ETH,4.143134726391533,3.713572066704308,20.36333618600808,61.987476683158,17.72753358339242,0.4867783928720428,POS,2023-12-25,0.0,5.308267697401205,5.863631175598097,1,1,1,2023,12
0.0022973590486834897,0.003992021269537453,0.003992021269537453,0.003992021269537453,ETH,9.917489072171941,9.64614067988042,26.381325138347552,33.56071611198802,18.81132091368954,0.0021975835434872217,POS,2023-12-25,0.0,0.0,0.0,1,1,1,2023,12
2.999999999999955e-14,4.999999999999875e-14,5.399999999999854e-14,4.5999999999998946e-14,ETH,4.454347296253507,3.6888794541139363,66.990906439371,68.01541074576839,20.72326583794641,1.3659999067022084e-07,POS,2023-12-26,6.728628613084702,6.464588303689961,4.2626798770413155,1,1,1,2023,12
0.2349140069131252,0.7823935580741399,0.311300938050415,0.17041765229113026,BSC,10.625999341725977,8.999866223762636,19.138507688868415,26.27133495076336,14.557448378884015,0.1275133202989596,POSA,2023-12-30,5.43372200355424,5.049856007249537,3.8918202981106265,1,1,1,2023,12
0.001007632168151941,0.0013782397910507302,0.0012121550431451356,0.0013689225977657627,BSC,8.675222055641148,7.005789019253503,154.17607451987033,80.59047825479159,80.5904782547916,0.0009135825563429705,POSA,2023-12-31,3.871201010907891,0.0,2.1972245773362196,1,1,1,2023,12
0.02176149178151269,0.017839918128331,0.006975613736425242,0.011928570865273802,BSC,12.445554005052001,11.751713992909014,35.374958196586604,43.424551224035746,24.529928326738954,0.02176149178151269,POSA,2024-01-03,1.6094379124341003,1.0986122886681098,3.7612001156935624,0,1,1,2024,1
1.1799993038005476e-06,1.9599980792025097e-06,2.0799978368029997e-06,2.709996327956634e-06,ETH,3.6888794541139363,3.1780538303479458,55.46294183253972,56.075677270737685,29.933606208922694,1.1799993038005476e-06,POS,2024-01-08,0.0,0.0,0.0,1,1,1,2024,1
0.025365556844294916,0.015942244420752188,0.005940321303030599,0.0015558889767548767,ETH,7.004881989712859,5.736572297479192,41.2003024816858,43.71313573618688,24.465686058012075,0.0231206459907138,POS,2024-01-09,1.9459101490553132,2.0794415416798357,0.6931471805599453,1,1,1,2024,1
3.510999999938365e-11,1.993139999980137e-11,7.942999999968454e-12,4.0203599999919185e-12,BSC,7.170119543449628,6.180016653652572,38.60098731905883,41.277695249073666,23.025850930040455,3.5204399999938033e-12,POSA,2024-01-10,3.9318256327243257,4.948759890378168,4.356708826689592,1,1,1,2024,1
0.9820784724121582,1.0999447339018884,0.9932517730102833,5.676753802268282,ETH,8.646641258603124,6.163314804034641,33.06654761757541,35.76450622466028,20.64854229182806,0.9820784724121582,POS,2024-01-11,2.3978952727983707,6.928537818164665,8.840869624091395,0,1,1,2024,1
7.428724063461132e-05,7.054751146579337e-05,1.3999902000914657e-05,8.729961893771777e-06,BSC,8.636752426473876,6.610696044717759,32.223632057105284,36.536234377987896,21.465203182151978,6.993755431223361e-05,POSA,2024-01-12,6.336825731146441,0.6931471805599453,4.5217885770490405,1,1,1,2024,1
0.020028092073164982,0.013650407810981627,0.007497820957333154,0.003272210475066636,BSC,3.5263605246161616,3.332204510175204,88.77750748105666,89.7684774042989,13.815511557963774,0.01806170099831089,POSA,2024-01-13,1.0986122886681098,5.968707559985366,2.70805020110221,1,1,1,2024,1
0.0001578775366858212,2.5059968599872457e-06,1.994980100139668e-05,1.3979902280710744e-05,BSC,3.332204510175204,3.1354942159291497,89.01436226707068,89.62049807064099,13.815511557963774,8.738618171640158e-05,POSA,2024-01-15,0.0,0.6931471805599453,1.3862943611198906,1,1,1,2024,1
0.10831614348345889,0.08342160813907239,0.07973496801885356,0.05732506661926941,ETH,4.02535169073515,3.6109179126442243,34.38155010529931,34.443869136567024,20.72326583794641,0.10831614348345889,POS,2024-01-17,0.6931471805599453,0.0,0.6931471805599453,1,1,1,2024,1
0.7119689348005331,0.8197798314933114,0.7217346374118578,0.7212486106708201,ETH,19.296670894110143,5.605802066295998,31.31535887903124,34.01913698746868,19.296670894110143,0.7065568674698629,POS,2024-01-21,3.8066624897703196,8.470311205516108,3.4965075614664802,0,1,1,2024,1
0.058551886949615474,0.037295784743696894,0.01896894654760228,0.014661985830646566,BSC,12.452010423273608,8.936035096566041,30.821066006181102,36.99013860012845,20.72326583794641,0.015991452418045837,POSA,2024-01-21,1.3862943611198906,0.6931471805599453,6.928537818164665,0,1,1,2024,1
8.39764738772145e-05,1.8499828877110513e-05,1.71298532832255e-05,1.6379865849264923e-05,BSC,7.807916628926408,4.882801922586371,59.59718528824699,32.23619130584769,32.23619132191665,8.39764738772145e-05,POSA,2024-01-23,1.0986122886681098,0.6931471805599453,0.0,1,1,1,2024,1
0.8544153281560676,2.122261538862764,0.10436001532424277,1.0367368849500223,BSC,12.324912899911622,10.366088852015102,20.919704625695907,29.100604152831405,16.115302760084738,0.8544153281560676,POSA,2024-01-23,0.6931471805599453,0.0,0.6931471805599453,1,1,1,2024,1
0.49469624183610705,0.35767444427181594,0.16551443847757338,0.17395330712343804,ETH,13.757112081446676,11.71722049368558,34.05739438718741,44.205368737107094,23.025850930040455,0.2776317365982795,POS,2024-01-26,5.298317366548036,0.6931471805599453,8.105005537547246,0,1,1,2024,1
1.3297240096314962,1.0188473201992472,0.5653138090500605,0.6575200029167941,ETH,12.210542640201625,11.179227376838364,31.102464431968134,40.345688914345104,21.465203182151978,0.9783261227936076,POS,2024-02-02,6.327936783729195,4.605170185988092,7.844240718141811,0,1,1,2024,2
0.02019470728551928,0.004888034072775961,0.001998002662673056,0.001998002662673056,BSC,11.212333753896877,8.101980731853192,32.234553553927775,37.65970694936915,20.941184672702082,0.019802627296179712,POSA,2024-02-08,5.488937726156687,7.779466967458324,4.990432586778736,0,1,1,2024,2
1.091923300517313,0.32627759021114383,0.2534787511102827,0.2525470016834516,ETH,8.088561805276234,5.497168225293202,19.94989603368271,22.190780064321135,13.815511557963774,0.5766133643039938,POS,2024-02-12,0.0,0.0,0.6931471805599453,1,1,1,2024,2
0.017496047616751043,0.01076188264403065,0.004068711555853904,0.0011303609013350036,BSC,7.689828668736484,6.790097235513905,28.869335586741375,33.286864852928964,18.420680753952354,0.0009865132357645369,POSA,2024-02-14,0.0,9.433563920090563,1.3862943611198906,1,1,1,2024,2
0.06684523362949102,0.030150859950493426,0.013222200169121486,0.005758388610665592,BSC,7.4821189235521155,7.053585727193677,35.25562627493979,38.746216353019506,23.025850930040455,0.0322735605502957,POSA,2024-02-19,1.791759469228055,1.9459101490553132,3.8918202981106265,1,1,1,2024,2
0.3646431135879093,0.13889199886661863,0.05012260940321062,0.13453089295760615,ETH,10.22179581852967,7.355641102974253,31.966260371216755,36.04618882073889,20.72326583794641,0.262364264467491,POS,2024-02-24,5.564520407322694,8.291797105048733,5.91350300563827,0,1,1,2024,2
0.2468600779315258,0.5596157879354227,0.23901690047049992,0.08984070399978947,ETH,11.032709870648077,7.589841512182657,23.933932285485646,27.328048191909648,17.676207623838295,0.06203539091945264,POS,2024-02-24,3.8918202981106265,6.63200177739563,4.983606621708336,0,1,1,2024,2
1.3164082336557241,0.7178397931503169,0.3646431135879093,0.4574248470388754,ETH,12.886144718202397,9.980587472916977,29.707510256732665,36.914453530462715,20.72326583794641,1.2119409739751128,POS,2024-02-29,7.390798521735676,9.163353580751846,9.525224101853109,0,1,1,2024,2
8.650149418664864,9.920393832602487,10.978677671259746,12.206227633518916,ETH,7.939871576361883,6.295266001439646,30.32407952670176,35.418085750433335,18.420680753952364,11.284781934567633,POS,2024-03-03,0.0,0.0,1.0986122886681098,1,1,1,2024,3
0.0026963615477426086,0.00011359354800862618,6.299801558334506e-05,3.699931551688386e-05,BSC,10.539085066256062,8.076826031298808,32.48005819094801,38.35995029275533,20.72326583794641,0.0009995003330835331,POSA,2024-03-06,1.9459101490553132,1.6094379124341003,0.6931471805599453,1,1,1,2024,3
0.3001045924503381,0.04401688541677433,0.012916225266546327,0.016857117066422903,BSC,11.992087032000729,8.631592731724734,30.21190698920158,35.17884414963951,20.617905322399697,0.07696104113612832,POSA,2024-03-07,4.867534450455582,0.0,4.442651256490317,0,1,1,2024,3
1.2299924355620284e-05,3.1599950072105178e-06,8.449964298951117e-06,2.249997468753797e-06,BSC,6.297109319933935,4.718498871295094,30.03072547005425,31.568210370171478,18.420680753952364,2.699996355006561e-06,POSA,2024-03-09,1.9459101490553132,4.382026634673881,0.0,1,1,1,2024,3
1.7173950539391927,0.5877866649021191,0.5766133643039938,0.5955343516929448,ETH,3.6375861597263857,3.5263605246161616,54.67663426819569,57.454587083613355,29.24045902836285,1.7173950539391927,POS,2024-03-12,2.1972245773362196,8.568076401730806,4.007333185232471,1,1,1,2024,3
3.327550841493857,1.8493992486744695,1.9419021276577746,1.1349442179155,BSC,7.10002716662926,5.537334267018537,26.279496492956362,29.951582456799166,16.11809565095832,2.471314696268533,POSA,2024-03-14,4.406719247264253,2.302585092994046,2.8903717578961645,1,1,1,2024,3
1.4799998904800108e-07,1.587999873912813e-07,1.2709999192279566e-07,9.988999950109939e-09,BSC,13.649980039357416,9.85329891095284,35.81946367082001,44.5578240013099,23.025850929740457,5.804999831509881e-08,POSA,2024-03-15,0.0,0.6931471805599453,6.745236349484363,1,1,1,2024,3
0.002028940307851671,0.0005015741906322811,0.00040691719796619,0.00033094523158523024,ETH,10.212001134567842,7.671360923190644,31.924589016215574,37.59509138458998,20.72326583794641,0.0018602686268780135,POS,2024-03-19,0.6931471805599453,0.6931471805599453,2.5649493574615367,1,1,1,2024,3
2.080565909341545,1.8081248233143192,1.6180011430945882,1.2322686734807833,ETH,4.343805421853684,4.02535169073515,66.21195354909533,67.58022934896269,20.72326583794641,1.4163384824682672,POS,2024-03-19,4.762173934797756,10.225607282932941,6.513230110912307,1,1,1,2024,3
0.0004299075764937892,0.00030195440717912365,0.0002399712046071707,0.00077969595809152,ETH,11.443639693449393,8.69751274553952,36.755852575297325,42.5929544158269,23.76903967720092,0.000329945561976036,POS,2024-03-20,6.144185634125646,0.6931471805599453,1.3862943611198906,0,1,1,2024,3
0.006569374330682181,0.010796507398260184,0.00423302808163616,0.0019915156156841084,ETH,9.939964119346145,8.2409125416889,31.70598515340879,37.40448043102972,21.12304317296932,0.006569374330682181,POS,2024-03-20,4.2626798770413155,0.0,1.3862943611198906,1,1,1,2024,3
0.0022794001924226993,8.993595564069796e-05,8.42364520104537e-05,6.629780225213992e-05,POLYGON,7.860570785538664,6.602587892189336,16.337567814385732,19.964291382218516,12.18270192586674,0.0022794001924226993,POS,2024-03-20,6.511745329644728,0.0,3.4657359027997265,1,1,1,2024,3
0.00010043095664263894,0.00011776306565798296,1.1574333017149177e-05,1.1574333017149177e-05,ETH,3.295836866004329,3.091042453358316,75.16590767674808,77.44161208967334,39.14395658084878,9.309769627498859e-05,POS,2024-03-21,0.0,0.0,0.0,1,1,1,2024,3
1.586783221869294,1.009781074961494,0.8285518175661483,0.8385453832493022,ETH,6.175867270105761,5.442417710521793,31.348434848626912,36.06528539069162,18.420680753952364,1.3225555201528838,POS,2024-03-22,2.3978952727983707,8.316544717929398,4.718498871295094,1,1,1,2024,3
0.007968169649176874,0.002895803112025565,0.0007996801705643322,0.000499875041651048,ETH,4.127134385045092,4.060443010546419,30.550411389228323,29.2004644211586,20.72326583794641,0.003992021269537453,POS,2024-03-24,0.0,1.0986122886681098,0.6931471805599453,1,1,1,2024,3
3.828999999266938e-10,1.4689999998921018e-10,6.020239999818784e-11,4.515719999898042e-11,ETH,4.430816798843313,1.9459101490553132,47.433878454191735,47.74389359139048,25.040753950496054,1.432709999897367e-10,POS,2024-03-25,2.0794415416798357,1.0986122886681098,1.3862943611198906,1,1,1,2024,3
0.00034584019038669933,5.418853177499184e-05,6.12581236828284e-05,1.4959888100316012e-05,ETH,1.791759469228055,1.3862943611198906,67.50346808480131,67.68212709718074,34.538776394910684,2.0299979395527884e-06,POS,2024-03-26,5.799092654460526,7.606387389772652,0.6931471805599453,1,1,1,2024,3
1.2947271675944,1.199964782928397,1.205970806988609,1.205970806988609,ETH,3.2188758248682006,3.1780538303479458,24.01116115191805,13.584644934647944,13.815511557963774,1.2947271675944,POS,2024-03-26,0.0,4.406719247264253,0.0,1,1,1,2024,3
0.0068763039394321565,0.0246926125903715,0.010742096531902109,0.00707491367196188,ETH,4.718498871295094,4.30406509320417,61.91939625265414,62.81629167094675,34.538776394910684,0.0068763039394321565,POS,2024-03-30,2.302585092994046,1.6094379124341003,2.6390573296152584,1,1,1,2024,3
0.9122827104766162,0.712949807856125,0.33289441527332897,0.7839015438284094,ETH,13.771458351923734,10.84795749467559,33.825154334148046,41.332752539425,23.431316038115288,0.8109302162163288,POS,2024-04-03,6.049733455231958,1.6094379124341003,0.6931471805599453,0,1,1,2024,4
0.6816351709209955,0.3569343103003695,0.25924633184037754,0.11811986781095235,ETH,6.507277712385012,3.258096538021482,10.817647471061235,12.863865981885366,7.1316985104669115,0.6816351709209955,POS,2024-04-04,7.039660349862076,1.3862943611198906,5.676753802268282,1,1,1,2024,4
2.0918640616783932,1.4724720573609429,1.3837912309017721,1.0331844833456545,BSC,9.826822467600643,5.777652323222656,121.54835322968941,63.66145238761691,84.38471822456336,24.283939731206065,POSA,2024-04-04,5.713732805509369,0.0,8.321421586897879,1,1,1,2024,4
0.9234649356221555,0.6638528098533006,0.6905404860819908,0.4591676313052342,BSC,7.653969180478774,6.740519359606223,76.15372535075701,79.30948826486492,20.72326583794641,0.7565913531164801,POSA,2024-04-04,1.0986122886681098,1.0986122886681098,6.285998094508865,1,1,1,2024,4
0.9202827531436926,0.6830968447064438,0.35767444427181594,0.7839015438284094,ETH,13.835536689693242,10.89458886681846,33.785619979667054,41.37262825539274,23.431316038115288,0.6678293725756554,POS,2024-04-04,6.2285110035911835,10.734242182303689,7.816416983691801,0,1,1,2024,4
0.00017828410644418595,0.000336843261938011,0.0003855256754257567,0.0005224634921772548,ETH,6.401917196727186,5.44673737166631,62.248840734193216,65.20635178312286,17.72753358339242,0.00014318974785872607,POS,2024-04-10,2.3978952727983707,0.0,4.143134726391533,1,1,1,2024,4
0.002695364239974927,0.00744323030532359,0.007808434670002118,0.008172513848843793,ETH,7.722234744709607,5.662960480135946,48.78584643894251,51.48276317531852,18.420680753952364,0.001073423674612067,POS,2024-04-11,0.0,0.0,3.332204510175204,1,1,1,2024,4
0.014819644598278647,0.001993012630262785,0.001597722960642713,0.0003149503979161642,BASE,9.934016757570951,7.030857476116121,27.862194468992097,31.919371857313184,18.420680753952364,0.011088296985420507,POS,2024-04-12,5.786897381366708,1.0986122886681098,5.332718793265369,1,1,1,2024,4
0.004186763262259914,0.00035420726120076224,0.0001612070054524352,7.05075142867944e-05,ETH,8.119398589612294,4.859812404361672,50.78970450657664,49.43856520734763,31.370332243341196,0.0002704634214711794,POS,2024-04-14,0.6931471805599453,2.1972245773362196,3.6375861597263857,1,1,1,2024,4
0.1097508639591192,0.05259245011917058,0.028587456851912555,0.03633192924739028,ETH,10.90063911886528,8.14002395246292,29.909004742084257,34.91323949462878,20.08930677788625,0.10885440491208209,POS,2024-04-16,2.0794415416798357,2.0794415416798357,8.58876938990546,0,1,1,2024,4
5.69998375506173e-06,1.3699906155857109e-05,2.3299728559216373e-05,2.569966976065809e-05,ETH,6.843749949006225,2.772588722239781,40.226548166444935,40.1270019914105,22.908067894296572,6.489978940041119e-06,POS,2024-04-20,0.0,0.0,0.0,1,1,1,2024,4
2.871868286331605,2.976039640208255,3.1381428790351045,3.2188758248682006,POLYGON,12.313378767268416,2.302585092994046,31.316077384122355,32.37298531001575,16.860033043306743,2.664446563620078,POS,2024-04-21,7.9966538754626075,9.205428327615163,3.295836866004329,1,1,1,2024,4
0.00038522579101620235,0.00016014717575646895,6.429793284361163e-05,4.629892818808314e-05,BSC,4.672828834461906,4.204692619390966,63.99295425759882,66.26460202197634,34.538776394910684,0.00038522579101620235,POSA,2024-04-23,4.564348191467836,0.0,0.0,1,1,1,2024,4
0.05450523059334307,0.04697804708610696,0.029248074358985254,0.019153593189691957,ETH,7.455876687491824,4.976733742420574,31.0944872238058,32.36469517815811,18.420680753952364,0.05450523059334307,POS,2024-04-25,7.327123292259293,0.0,0.0,1,1,1,2024,4
4.89088039449492e-05,7.057750934899275e-05,9.223574615278124e-05,0.00014678922593440897,ETH,4.248495242049359,3.828641396489095,56.060565914819044,58.0754687168138,18.420680753952364,2.4839691492308875e-05,POS,2024-04-25,1.3862943611198906,1.791759469228055,2.1972245773362196,1,1,1,2024,4
0.023771212622009232,0.01711273827650986,0.00582897844844267,0.0021157602000399746,ETH,10.016726948142638,7.488852955733459,33.08586177435579,38.9703240601144,20.72326583794641,0.022680834223057764,POS,2024-04-26,5.645446897643238,1.6094379124341003,4.564348191467836,1,1,1,2024,4
0.11008682902191311,0.06771659072036405,0.033359338037764585,0.022092943694573014,BSC,6.320768294250582,5.641907070938114,29.081434175954648,31.45480657363777,18.420680753952364,0.10629777629182219,POSA,2024-04-28,1.0986122886681098,5.10594547390058,0.6931471805599453,1,1,1,2024,4
3.1232455938529506,2.8213788864092133,2.4159137783010487,2.747270914255491,ETH,12.708001812922156,11.235167320382796,25.322928567431656,35.36594941408372,18.420680753952364,2.928523523860541,POS,2024-05-02,2.3978952727983707,0.0,7.501634457883413,0,1,1,2024,5
1.367391828616827,0.7605721568747345,0.6780335427498971,0.42833492219891217,ETH,5.402677381872279,5.262690188904886,31.796946184334637,34.684234392585914,20.818576017659826,0.8694925823255157,POS,2024-05-03,4.605170185988092,9.441531454869693,3.332204510175204,1,1,1,2024,5
1.2781522025001875,0.7654678421395714,0.4072641555181451,0.18640072566045227,ETH,7.895436006942965,5.3981627015177525,33.91285327933001,37.452761761460124,20.036342172015782,0.9820784724121582,POS,2024-05-03,0.0,9.44943600950432,0.0,1,1,1,2024,5
0.15871169115482087,0.09075436326846414,0.08525984395082342,0.15614868248993136,ETH,11.273931964225953,8.273846932784508,32.07904783278767,37.38726596562804,21.1688352997226,0.14928170271575444,POS,2024-05-07,6.630683385642372,1.0986122886681098,7.796057974316123,0,1,1,2024,5
3.4995332823830174,3.3965197921110444,3.226447090364519,3.2228678461377385,ETH,4.584967478670572,4.127134385045092,66.7795866867654,67.85708124352813,20.72326583794641,3.1637858585502405,POS,2024-05-14,5.765191102784844,7.1785454837637,3.091042453358316,1,1,1,2024,5
0.40631741146111783,0.24218510475341534,0.0495670052074256,0.03937305731755056,ETH,5.2832037287379885,4.0943445622221,65.9438190693412,67.31330625797978,20.72326583794641,0.07613292056113952,POS,2024-05-15,5.2832037287379885,5.0238805208462765,4.290459441148391,1,1,1,2024,5
0.010030723661183655,0.008021362678847028,0.14530567787296772,0.0018723660282066355,BSC,11.596926482036451,11.19726906766269,43.400691498271,50.45647055374208,27.63102111592955,0.00019166163173598173,POSA,2024-05-16,0.0,1.791759469228055,1.0986122886681098,1,1,1,2024,5
0.11154137473290741,0.4824261492442927,0.03343477608623739,0.015184135325039965,POLYGON,12.98201106079259,8.868694776580972,29.93731709856584,35.17395446562754,20.72326583794641,0.08892620919440151,POS,2024-05-16,1.3862943611198906,0.0,6.133398042996649,0,1,1,2024,5
0.07232066157962612,0.050693114315518116,0.022739486969489426,0.025667746748577788,ETH,10.078112902695612,8.06117135969092,31.539934945589156,36.65095126527605,20.72326583794641,0.05921185963184609,POS,2024-05-22,0.6931471805599453,9.32375833901174,6.093569770045136,0,1,1,2024,5
3.63399933970236e-07,1.6779998592158157e-07,7.107197474386605e-07,4.661899891333445e-08,ETH,4.709530201312334,3.6109179126442243,38.167982010819244,39.130997589243705,21.639576569020562,2.6959996365792655e-07,POS,2024-05-23,5.204006687076795,1.791759469228055,0.0,1,1,1,2024,5
6.405940601090983,6.272814740456732,7.432351254753638,6.681875487575046,ETH,6.322565239927284,4.143134726391533,34.11127099187984,34.90619708804202,10.12667110305036,5.667149610132332,POS,2024-05-27,5.123963979403259,7.611347717403621,2.1972245773362196,1,1,1,2024,5
0.00023507236832571958,4.423902144006089e-05,1.4059901159126466e-05,1.2799918080699043e-05,ETH,2.772588722239781,2.5649493574615367,126.45985855787751,64.4723826038328,64.47238260383328,0.00023507236832571958,POS,2024-05-29,0.0,2.0794415416798357,0.0,1,1,1,2024,5
0.002935686652093868,0.0011820011613117387,0.0009640351687374911,0.0008124698569613961,BSC,12.84370711615986,9.002824076547672,22.316188927152563,30.36140353899812,15.882373444019521,0.002935686652093868,POSA,2024-05-29,2.0794415416798357,1.9459101490553132,0.0,1,1,1,2024,5
0.008364916331627708,0.005385472276337817,0.002097798082146129,0.0014988761237358919,POLYGON,12.985709400297686,10.000886458523262,35.29358142891092,43.200774121945365,23.025850930040455,0.005982071677547464,POS,2024-05-31,2.1972245773362196,1.791759469228055,4.795790545596741,0,1,1,2024,5
0.015282623531156904,0.0312951579807101,0.0312951579807101,0.021105699497337465,ARBI,10.574593602219194,7.101675971619444,35.67687496753422,40.85684994805839,21.821878125947855,0.015282623531156904,Fraud Proofs,2024-06-02,0.0,0.0,0.0,1,1,1,2024,6
0.0001269919361827293,9.099958595251188e-06,8.199966380183789e-06,6.299980155083348e-06,ETH,3.5553480614894135,3.4965075614664802,41.05945225011554,41.448723129223545,23.025850930040455,3.699931551688386e-05,POS,2024-06-02,0.0,0.0,0.0,1,1,1,2024,6
0.6936470556015963,0.7687183674070194,0.8281150409704297,1.528227857008557,ETH,11.555103339869097,8.762176509334903,23.06924960293387,29.886395529998715,16.860033043306743,0.5596157879354227,POS,2024-06-05,1.3862943611198906,1.0986122886681098,8.552753366814787,0,1,1,2024,6
0.017240524382402173,0.004728801573086399,0.0026085946565491294,0.0015987213636970278,ETH,6.4967749901858625,5.293304824724492,38.056125709528295,40.19962341555411,22.610269658963755,0.0156666348789802,POS,2024-06-06,0.0,1.3862943611198906,0.0,1,1,1,2024,6
0.06426035745364055,0.03817208661352543,0.028820665808193383,0.020077099429178923,ETH,3.2188758248682006,3.1354942159291497,51.78180760662221,53.04716122421644,27.63102111592955,0.05448818528406973,POS,2024-06-07,5.0369526024136295,6.918695219020472,2.0794415416798357,1,1,1,2024,6
0.262364264467491,0.2151113796169455,0.1988508587451652,0.17395330712343804,ETH,3.367295829986474,3.091042453358316,0.029895966300087434,0.14317849094065643,13.815511557963774,0.23901690047049992,POS,2024-06-08,0.0,0.6931471805599453,0.6931471805599453,1,1,1,2024,6
0.0016716020944135223,0.0010652324384156275,0.0009595594755180411,0.0008441436105081696,BSC,11.557745855241697,8.270269111436624,22.31092233915676,27.813576521369264,16.118095750958314,0.001664613761435401,POSA,2024-06-08,0.0,1.9459101490553132,0.0,1,1,1,2024,6
0.8796267475025635,0.8796267475025635,0.8796267475025635,2.2926357621403777,BSC,9.30383071506352,7.083387847625295,34.30427932959057,40.64595477664159,20.72326583794641,17.727980567071388,POSA,2024-06-09,2.0794415416798357,0.0,6.257667587882639,1,1,1,2024,6
0.09803374027136541,0.022739486969489426,0.026641930946421175,0.026641930946421175,BSC,12.446847841811888,8.947806093057054,27.971976019372548,33.21380472559214,19.806975107572256,0.09712671073072274,POSA,2024-06-09,1.3862943611198906,2.1972245773362196,5.159055299214529,0,1,1,2024,6
0.040988380677310754,0.04203405967242409,0.028723502019117827,0.023589565433085963,BSC,9.89762037425808,9.613402595468036,30.45804329788327,22.00257706918337,20.069339371462824,0.040988380677310754,POSA,2024-06-10,0.0,0.6931471805599453,0.0,1,1,1,2024,6
0.18323780357830755,0.07584931228343784,0.06502902582047797,0.06999237182003498,ETH,8.179199798423086,6.342121418721152,28.770071793317136,32.47133870280829,18.420680753952364,0.18323780357830755,POS,2024-06-13,2.1972245773362196,6.483107351457199,1.791759469228055,1,1,1,2024,6
1.8453002361560848,1.6695918352538475,1.8196988379172965,2.105352923464337,ETH,12.043830148409684,9.271341393533582,29.769527043258865,36.28181702781037,20.656010706513754,1.5686159179138452,POS,2024-06-20,5.783825182329737,1.0986122886681098,9.052633375946147,0,1,1,2024,6
1.6278670479024675,1.3609765531356006,1.6331544390514163,1.665818245870208,BSC,9.040382074165628,7.379008127628304,31.939997921227153,27.845581461637675,16.118095750958314,5.978885764901122,POSA,2024-06-20,2.302585092994046,0.0,2.3978952727983707,1,1,1,2024,6
0.1275133202989596,0.04114194333117518,0.026641930946421175,0.12133228516752496,BSC,13.034851511554677,9.465370112152714,29.2892995013288,35.05308844735072,20.66274469381081,0.11778303565638346,POSA,2024-06-24,7.438971592395862,0.0,8.650149418664864,0,1,1,2024,6
3.7499929687675783e-06,1.63377986653816e-07,1.1274999364371923e-07,1.0822199414399978e-07,ETH,9.311813340906816,5.529429087511423,37.428038026025355,39.165991498368015,23.025850930040455,2.6199965678059945e-06,POS,2024-06-25,2.302585092994046,1.3862943611198906,4.499809670330265,1,1,1,2024,6
0.17395330712343804,0.1397619423751587,0.14755756435761466,0.1484200051182733,ETH,9.903337541285003,6.9167150203536085,27.18775650165787,30.29328719181506,18.603002309079653,0.17395330712343804,POS,2024-06-26,1.6094379124341003,0.6931471805599453,5.10594547390058,0,1,1,2024,6
6.0018198871868775e-05,6.003819767134085e-05,6.009819406735734e-05,6.0198188052719124e-05,ETH,3.58351893845611,2.995732273553991,8.239936510889834e-18,30.513659309749727,16.118095750958314,5.970821742890786e-05,POS,2024-06-26,0.6931471805599453,8.03947991910045,0.0,1,1,1,2024,6
0.05196606802460635,0.05196606802460635,0.05196606802460635,0.16194876698601754,ETH,3.7376696182833684,3.4339872044851463,20.167092208525542,21.471339065036716,11.982935344196433,0.05196606802460635,POS,2024-07-01,0.0,0.0,0.0,1,1,1,2024,7
2.0049799001436676e-05,2.0499789877871665e-05,8.499996387502048e-07,7.199997408001244e-07,ETH,6.688354713946762,5.117993812416755,35.90890861707545,39.67929476279318,20.721263835277743,1.9999800002666627e-05,POS,2024-07-20,1.791759469228055,1.6094379124341003,0.0,1,1,1,2024,7
0.050693114315518116,0.03052920503482287,0.038258712117090345,0.04114194333117518,BSC,13.487591042331031,9.78987082574916,28.660260462770477,35.93929550502803,19.806975107572256,0.04401688541677433,POSA,2024-07-22,1.9459101490553132,0.0,9.76428295481558,0,1,1,2024,7
0.1057392439312191,0.10138984296040646,0.0865446014001858,0.06581583003113003,BSC,7.638198244285779,6.628041376179533,38.159945111219656,41.22389257744619,23.025850930040455,0.10051388971772178,POSA,2024-07-22,1.791759469228055,2.1972245773362196,0.0,1,1,1,2024,7
0.006429387124032407,0.005308882910186796,0.005308882910186796,9.20757608970224e-05,ETH,4.07753744390572,2.5649493574615367,38.96162530958653,20.723270134906205,20.723315836696404,0.006429387124032407,POS,2024-07-23,0.0,0.0,0.0,1,1,1,2024,7
0.4574248470388754,0.1484200051182733,0.1484200051182733,0.15443635330441893,ETH,9.839855287291273,8.072779333169498,33.068433262622655,39.289515920736406,20.72326583794641,0.3435897043900769,POS,2024-07-23,3.828641396489095,0.6931471805599453,7.692113339595466,0,1,1,2024,7
0.025414303328464397,0.01202767662607241,0.009982013519583938,0.016040657994031635,POLYGON,1.9459101490553132,1.0986122886681098,18.57152239211101,18.57152239211101,10.470249176632354,0.013488618180554782,POS,2024-07-23,6.391917113392602,1.6094379124341003,2.3978952727983707,1,1,1,2024,7
0.0005322583254028068,0.0009072183529548579,0.0007175425047926721,0.0001146934224579579,ETH,7.988542982737695,6.175867270105761,104.85869265886511,106.79990509131764,57.564627324851145,0.00020387921522029638,POS,2024-07-24,3.7376696182833684,4.820281565605037,3.8501476017100584,1,1,1,2024,7
0.013577408413687478,0.027615167032973367,0.018821754240587758,0.016857117066422903,ETH,3.4339872044851463,3.367295829986474,37.30704839576742,37.7972560224803,20.72326583794641,0.013577408413687478,POS,2024-07-25,7.581209826196346,1.3862943611198906,5.214935757608986,1,1,1,2024,7
0.07603468627599762,0.07232066157962612,0.046883585898850416,0.06485097231961633,ETH,10.568800942166638,8.102283624480073,28.007155491845612,32.70301380031893,19.793624591344557,0.06672363204290818,POS,2024-07-26,1.9459101490553132,2.0794415416798357,4.852030263919617,0,1,1,2024,7
0.08892620919440151,0.07138999608667293,0.06672363204290818,0.1397619423751587,ETH,12.529050672026626,9.974411890872826,31.470273669268668,35.65179249804315,21.927238635172348,0.08892620919440151,POS,2024-07-31,2.1972245773362196,0.0,9.0217190130337,0,1,1,2024,7
0.714908672341458,0.7060634058264916,0.7040871205982797,0.7055697005585024,BSC,8.07402621612406,7.20934025660291,71.079092677285,39.14384657671752,39.14394658273922,0.6931471805599453,POSA,2024-08-01,0.0,0.6931471805599453,0.0,1,1,1,2024,8
0.00038992396976721816,0.0002299735540549672,0.0002219753616464089,0.00022397491574584536,ETH,3.7612001156935624,2.833213344056216,61.48667015395568,32.13624143175984,32.23619130191665,9.999500033330834e-05,POS,2024-08-02,4.0943445622221,0.0,1.6094379124341003,1,1,1,2024,8
1.5129270120532565,0.598836501088704,0.3435897043900769,0.19062035960864973,BSC,11.761448222383825,7.080867896690782,28.74291293343161,33.97902522969149,18.064005814299346,0.9783261227936076,POSA,2024-08-03,10.862856930775358,7.252053951852814,8.202756381655638,0,1,1,2024,8
0.1458304482115395,0.0014239856510171894,0.012639780346435774,0.25997680135955875,ETH,8.08886878916199,6.418364935936212,35.77643526723245,38.02151676551056,22.857787245011504,0.00834409104536604,POS,2024-08-15,6.2166061010848646,5.834810737062605,0.0,1,1,1,2024,8
8.138999668783413e-08,8.144999668294893e-08,2.7143399631617925e-08,2.706349963378349e-08,ETH,7.762170607138205,6.48768401848461,53.440375099618244,57.04176372185653,31.425261085700324,8.11787967050014e-08,POS,2024-08-23,1.3862943611198906,1.6094379124341003,0.6931471805599453,1,1,1,2024,8
0.0011912901320523964,0.0010504480861737709,0.000985114615223976,0.00097902060289577,ETH,7.552237287560802,5.968707559985366,30.699858900691744,35.70728021653405,19.248029834165038,0.0011493392565214836,POS,2024-09-02,0.0,0.0,0.0,1,1,1,2024,9
0.022739486969489426,0.0246926125903715,0.023716526617316044,0.038258712117090345,ETH,10.888763155865234,8.190354403763262,36.06275878372267,41.43908246415246,22.996112371525303,0.01587334915629015,POS,2024-09-05,5.2574953720277815,0.6931471805599453,2.302585092994046,0,1,1,2024,9
1.4399998963200099e-07,1.847999829244821e-07,1.619999868780014e-07,1.2689999194819568e-07,ETH,7.366445148327599,4.718498871295094,50.33625120578914,52.742020234772276,28.03648622403738,1.0299999469550037e-07,POS,2024-09-10,1.791759469228055,1.6094379124341003,3.713572066704308,1,1,1,2024,9
0.03172586992901469,0.04625361651743511,0.04560414180501583,0.03972933378387598,ETH,1.791759469228055,1.3862943611198906,21.642674777486548,22.022262064242607,11.407576060361786,0.012656171712215098,POS,2024-09-11,0.0,2.3978952727983707,0.0,1,1,1,2024,9
0.0009665327566919254,0.0001159932725202534,3.9999200021332696e-05,1.5059886599338541e-05,ETH,3.6888794541139363,2.9444389791664403,38.34190793799588,40.335423483579724,20.72326583794641,0.0008066745505800181,POS,2024-09-12,0.6931471805599453,0.6931471805599453,0.0,1,1,1,2024,9
0.00014029015887546243,0.000138990340395113,0.00011999280057594817,2.009979799770683e-05,ETH,5.58724865840025,4.553876891600541,64.5342580472318,65.58104526605112,18.420680753952364,0.00012999155073226194,POS,2024-09-12,0.0,0.6931471805599453,0.0,1,1,1,2024,9
0.03052920503482287,0.017839918128331,0.04018178963283184,0.07881118042428978,ETH,10.511594140108,8.459564078579602,28.979361760915605,34.62164859690138,20.72326583794641,0.03052920503482287,POS,2024-09-16,4.007333185232471,0.0,4.948759890378168,0,1,1,2024,9
0.7362066700203923,0.5878977698408479,0.5445311562311618,0.4525395154940932,BSC,6.99117688712121,4.430816798843313,32.122102103654015,35.08008776793539,18.420680753952364,0.673301552339239,POSA,2024-09-20,6.380122536899765,8.169336395928386,0.0,1,1,1,2024,9
0.0001799838019437376,0.00015998720136516955,0.00013999020091457062,0.00012999155073226194,ETH,7.466227556215481,7.088408778675395,84.61290272172803,90.95009853542767,45.87734847273614,0.0001799838019437376,POS,2024-09-30,0.0,1.9459101490553132,1.6094379124341003,0,1,1,2024,9
3.821999926961582e-08,3.827999926732082e-08,4.036999918513157e-08,4.081999916686382e-08,ETH,6.777646593635117,5.198497031265826,25.14995479503146,24.840678338160952,17.584246456907284,3.5099999383995014e-08,POS,2024-10-03,1.6094379124341003,0.6931471805599453,0.0,1,1,1,2024,10
0.011809986759357816,0.0076705063042197,0.0038924147153438387,0.012916225266546327,ETH,8.664750755773852,6.952728644624869,32.45027612871691,36.46545746626546,20.72326583794641,0.011809986759357816,POS,2024-10-04,0.0,0.6931471805599453,0.0,1,1,1,2024,10
0.3671399937864964,0.3585132532123724,0.38185524246903063,0.4436596539061336,ARBI,8.475328987317539,4.962844630259907,26.412533240480517,28.357644038173262,16.83573927477113,0.0005598432585140913,Fraud Proofs,2024-10-11,5.049856007249537,5.262690188904886,0.0,0,1,1,2024,10
1.1505720275988207,1.0402767116551463,0.23111172096338664,0.0916671885258238,ARBI,12.234728127279224,9.422220731011683,30.357329063608432,36.97729141817348,20.702939897516412,0.28818194749343196,Fraud Proofs,2024-11-13,4.6913478822291435,0.0,0.0,0,1,1,2024,11
0.10436001532424277,0.07045846364856141,0.05732506661926941,0.05826890812397577,ETH,9.956506856511764,7.751475318021456,38.0229093789219,44.12122683487497,23.025850930040455,0.10436001532424277,POS,2024-12-06,2.302585092994046,7.972810784121404,2.1972245773362196,0,1,1,2024,12
1.235471471385307,1.269760544863939,1.2781522025001875,1.2837077723447896,BSC,16.137656288192954,12.842376950697972,25.46928907066329,34.45631651781298,19.601794257201554,1.235471471385307,POSA,2024-12-07,2.3978952727983707,1.6094379124341003,0.0,0,1,1,2024,12
0.883767540168595,0.7793248768009976,0.7514160886839212,0.6312717768418579,ETH,12.161007285656103,9.132811169466946,36.44225355559763,43.92059283001719,23.025850930040455,0.592774206413158,POS,2024-12-09,6.559615237493242,0.6931471805599453,5.971261839790462,0,1,1,2024,12
8.321907968230423,8.30325712085294,8.210124405164267,8.347827345782498,ETH,11.707249700555334,9.165447603085447,15.219157071138588,21.496823973729672,12.99695774023391,7.8547691834991324,POS,2025-01-18,0.0,1.6094379124341003,1.0986122886681098,0,1,1,2025,1
